project,article,granularity,timestamp,access,agent,views
en.wikipedia,John_Romilly_Allen,monthly,2020-01-01,all-access,all-agents,185
en.wikipedia,John_Romilly_Allen,monthly,2020-02-01,all-access,all-agents,125
en.wikipedia,John_Romilly_Allen,monthly,2020-03-01,all-access,all-agents,151
en.wikipedia,John_Romilly_Allen,monthly,2020-04-01,all-access,all-agents,142
en.wikipedia,John_Romilly_Allen,monthly,2020-05-01,all-access,all-agents,151
en.wikipedia,John_Romilly_Allen,monthly,2020-06-01,all-access,all-agents,131
en.wikipedia,John_Romilly_Allen,monthly,2020-07-01,all-access,all-agents,120
en.wikipedia,John_Romilly_Allen,monthly,2020-08-01,all-access,all-agents,104
en.wikipedia,John_Romilly_Allen,monthly,2020-09-01,all-access,all-agents,97
en.wikipedia,John_Romilly_Allen,monthly,2020-10-01,all-access,all-agents,118
en.wikipedia,John_Romilly_Allen,monthly,2020-11-01,all-access,all-agents,135
en.wikipedia,John_Romilly_Allen,monthly,2020-12-01,all-access,all-agents,130
en.wikipedia,John_Romilly_Allen,monthly,2021-01-01,all-access,all-agents,108
en.wikipedia,John_Romilly_Allen,monthly,2021-02-01,all-access,all-agents,135
en.wikipedia,John_Romilly_Allen,monthly,2021-03-01,all-access,all-agents,120
en.wikipedia,John_Romilly_Allen,monthly,2021-04-01,all-access,all-agents,128
en.wikipedia,John_Romilly_Allen,monthly,2021-05-01,all-access,all-agents,152
en.wikipedia,John_Romilly_Allen,monthly,2021-06-01,all-access,all-agents,182
en.wikipedia,John_Romilly_Allen,monthly,2021-07-01,all-access,all-agents,133
en.wikipedia,John_Romilly_Allen,monthly,2021-08-01,all-access,all-agents,139
en.wikipedia,John_Romilly_Allen,monthly,2021-09-01,all-access,all-agents,132
en.wikipedia,John_Romilly_Allen,monthly,2021-10-01,all-access,all-agents,145
en.wikipedia,John_Romilly_Allen,monthly,2021-11-01,all-access,all-agents,132
en.wikipedia,John_Romilly_Allen,monthly,2021-12-01,all-access,all-agents,133
en.wikipedia,John_Romilly_Allen,monthly,2022-01-01,all-access,all-agents,233
en.wikipedia,John_Romilly_Allen,monthly,2022-02-01,all-access,all-agents,147
en.wikipedia,John_Romilly_Allen,monthly,2022-03-01,all-access,all-agents,153
en.wikipedia,John_Romilly_Allen,monthly,2022-04-01,all-access,all-agents,134
en.wikipedia,John_Romilly_Allen,monthly,2022-05-01,all-access,all-agents,163
en.wikipedia,John_Romilly_Allen,monthly,2022-06-01,all-access,all-agents,194
en.wikipedia,John_Romilly_Allen,monthly,2022-07-01,all-access,all-agents,138
en.wikipedia,John_Romilly_Allen,monthly,2022-08-01,all-access,all-agents,146
en.wikipedia,John_Romilly_Allen,monthly,2022-09-01,all-access,all-agents,134
en.wikipedia,John_Romilly_Allen,monthly,2022-10-01,all-access,all-agents,104
en.wikipedia,John_Romilly_Allen,monthly,2022-11-01,all-access,all-agents,92
en.wikipedia,John_Romilly_Allen,monthly,2022-12-01,all-access,all-agents,137
en.wikipedia,Otto_Baumbach,monthly,2020-01-01,all-access,all-agents,87
en.wikipedia,Otto_Baumbach,monthly,2020-02-01,all-access,all-agents,66
en.wikipedia,Otto_Baumbach,monthly,2020-03-01,all-access,all-agents,61
en.wikipedia,Otto_Baumbach,monthly,2020-04-01,all-access,all-agents,78
en.wikipedia,Otto_Baumbach,monthly,2020-05-01,all-access,all-agents,68
en.wikipedia,Otto_Baumbach,monthly,2020-06-01,all-access,all-agents,77
en.wikipedia,Otto_Baumbach,monthly,2020-07-01,all-access,all-agents,69
en.wikipedia,Otto_Baumbach,monthly,2020-08-01,all-access,all-agents,73
en.wikipedia,Otto_Baumbach,monthly,2020-09-01,all-access,all-agents,61
en.wikipedia,Otto_Baumbach,monthly,2020-10-01,all-access,all-agents,55
en.wikipedia,Otto_Baumbach,monthly,2020-11-01,all-access,all-agents,58
en.wikipedia,Otto_Baumbach,monthly,2020-12-01,all-access,all-agents,72
en.wikipedia,Otto_Baumbach,monthly,2021-01-01,all-access,all-agents,76
en.wikipedia,Otto_Baumbach,monthly,2021-02-01,all-access,all-agents,79
en.wikipedia,Otto_Baumbach,monthly,2021-03-01,all-access,all-agents,64
en.wikipedia,Otto_Baumbach,monthly,2021-04-01,all-access,all-agents,83
en.wikipedia,Otto_Baumbach,monthly,2021-05-01,all-access,all-agents,91
en.wikipedia,Otto_Baumbach,monthly,2021-06-01,all-access,all-agents,68
en.wikipedia,Otto_Baumbach,monthly,2021-07-01,all-access,all-agents,105
en.wikipedia,Otto_Baumbach,monthly,2021-08-01,all-access,all-agents,88
en.wikipedia,Otto_Baumbach,monthly,2021-09-01,all-access,all-agents,104
en.wikipedia,Otto_Baumbach,monthly,2021-10-01,all-access,all-agents,79
en.wikipedia,Otto_Baumbach,monthly,2021-11-01,all-access,all-agents,68
en.wikipedia,Otto_Baumbach,monthly,2021-12-01,all-access,all-agents,69
en.wikipedia,Otto_Baumbach,monthly,2022-01-01,all-access,all-agents,55
en.wikipedia,Otto_Baumbach,monthly,2022-02-01,all-access,all-agents,52
en.wikipedia,Otto_Baumbach,monthly,2022-03-01,all-access,all-agents,39
en.wikipedia,Otto_Baumbach,monthly,2022-04-01,all-access,all-agents,70
en.wikipedia,Otto_Baumbach,monthly,2022-05-01,all-access,all-agents,59
en.wikipedia,Otto_Baumbach,monthly,2022-06-01,all-access,all-agents,50
en.wikipedia,Otto_Baumbach,monthly,2022-07-01,all-access,all-agents,47
en.wikipedia,Otto_Baumbach,monthly,2022-08-01,all-access,all-agents,44
en.wikipedia,Otto_Baumbach,monthly,2022-09-01,all-access,all-agents,34
en.wikipedia,Otto_Baumbach,monthly,2022-10-01,all-access,all-agents,42
en.wikipedia,Otto_Baumbach,monthly,2022-11-01,all-access,all-agents,58
en.wikipedia,Otto_Baumbach,monthly,2022-12-01,all-access,all-agents,66
en.wikipedia,Alexander_Crum_Brown,monthly,2020-01-01,all-access,all-agents,624
en.wikipedia,Alexander_Crum_Brown,monthly,2020-02-01,all-access,all-agents,479
en.wikipedia,Alexander_Crum_Brown,monthly,2020-03-01,all-access,all-agents,371
en.wikipedia,Alexander_Crum_Brown,monthly,2020-04-01,all-access,all-agents,1230
en.wikipedia,Alexander_Crum_Brown,monthly,2020-05-01,all-access,all-agents,426
en.wikipedia,Alexander_Crum_Brown,monthly,2020-06-01,all-access,all-agents,551
en.wikipedia,Alexander_Crum_Brown,monthly,2020-07-01,all-access,all-agents,351
en.wikipedia,Alexander_Crum_Brown,monthly,2020-08-01,all-access,all-agents,493
en.wikipedia,Alexander_Crum_Brown,monthly,2020-09-01,all-access,all-agents,450
en.wikipedia,Alexander_Crum_Brown,monthly,2020-10-01,all-access,all-agents,438
en.wikipedia,Alexander_Crum_Brown,monthly,2020-11-01,all-access,all-agents,536
en.wikipedia,Alexander_Crum_Brown,monthly,2020-12-01,all-access,all-agents,431
en.wikipedia,Alexander_Crum_Brown,monthly,2021-01-01,all-access,all-agents,463
en.wikipedia,Alexander_Crum_Brown,monthly,2021-02-01,all-access,all-agents,451
en.wikipedia,Alexander_Crum_Brown,monthly,2021-03-01,all-access,all-agents,476
en.wikipedia,Alexander_Crum_Brown,monthly,2021-04-01,all-access,all-agents,449
en.wikipedia,Alexander_Crum_Brown,monthly,2021-05-01,all-access,all-agents,470
en.wikipedia,Alexander_Crum_Brown,monthly,2021-06-01,all-access,all-agents,419
en.wikipedia,Alexander_Crum_Brown,monthly,2021-07-01,all-access,all-agents,483
en.wikipedia,Alexander_Crum_Brown,monthly,2021-08-01,all-access,all-agents,694
en.wikipedia,Alexander_Crum_Brown,monthly,2021-09-01,all-access,all-agents,512
en.wikipedia,Alexander_Crum_Brown,monthly,2021-10-01,all-access,all-agents,482
en.wikipedia,Alexander_Crum_Brown,monthly,2021-11-01,all-access,all-agents,401
en.wikipedia,Alexander_Crum_Brown,monthly,2021-12-01,all-access,all-agents,394
en.wikipedia,Alexander_Crum_Brown,monthly,2022-01-01,all-access,all-agents,405
en.wikipedia,Alexander_Crum_Brown,monthly,2022-02-01,all-access,all-agents,486
en.wikipedia,Alexander_Crum_Brown,monthly,2022-03-01,all-access,all-agents,414
en.wikipedia,Alexander_Crum_Brown,monthly,2022-04-01,all-access,all-agents,538
en.wikipedia,Alexander_Crum_Brown,monthly,2022-05-01,all-access,all-agents,550
en.wikipedia,Alexander_Crum_Brown,monthly,2022-06-01,all-access,all-agents,910
en.wikipedia,Alexander_Crum_Brown,monthly,2022-07-01,all-access,all-agents,632
en.wikipedia,Alexander_Crum_Brown,monthly,2022-08-01,all-access,all-agents,903
en.wikipedia,Alexander_Crum_Brown,monthly,2022-09-01,all-access,all-agents,432
en.wikipedia,Alexander_Crum_Brown,monthly,2022-10-01,all-access,all-agents,418
en.wikipedia,Alexander_Crum_Brown,monthly,2022-11-01,all-access,all-agents,411
en.wikipedia,Alexander_Crum_Brown,monthly,2022-12-01,all-access,all-agents,380
en.wikipedia,John_George_Children,monthly,2020-01-01,all-access,all-agents,387
en.wikipedia,John_George_Children,monthly,2020-02-01,all-access,all-agents,355
en.wikipedia,John_George_Children,monthly,2020-03-01,all-access,all-agents,364
en.wikipedia,John_George_Children,monthly,2020-04-01,all-access,all-agents,375
en.wikipedia,John_George_Children,monthly,2020-05-01,all-access,all-agents,419
en.wikipedia,John_George_Children,monthly,2020-06-01,all-access,all-agents,301
en.wikipedia,John_George_Children,monthly,2020-07-01,all-access,all-agents,321
en.wikipedia,John_George_Children,monthly,2020-08-01,all-access,all-agents,371
en.wikipedia,John_George_Children,monthly,2020-09-01,all-access,all-agents,330
en.wikipedia,John_George_Children,monthly,2020-10-01,all-access,all-agents,351
en.wikipedia,John_George_Children,monthly,2020-11-01,all-access,all-agents,355
en.wikipedia,John_George_Children,monthly,2020-12-01,all-access,all-agents,275
en.wikipedia,John_George_Children,monthly,2021-01-01,all-access,all-agents,335
en.wikipedia,John_George_Children,monthly,2021-02-01,all-access,all-agents,336
en.wikipedia,John_George_Children,monthly,2021-03-01,all-access,all-agents,338
en.wikipedia,John_George_Children,monthly,2021-04-01,all-access,all-agents,388
en.wikipedia,John_George_Children,monthly,2021-05-01,all-access,all-agents,461
en.wikipedia,John_George_Children,monthly,2021-06-01,all-access,all-agents,338
en.wikipedia,John_George_Children,monthly,2021-07-01,all-access,all-agents,318
en.wikipedia,John_George_Children,monthly,2021-08-01,all-access,all-agents,338
en.wikipedia,John_George_Children,monthly,2021-09-01,all-access,all-agents,293
en.wikipedia,John_George_Children,monthly,2021-10-01,all-access,all-agents,329
en.wikipedia,John_George_Children,monthly,2021-11-01,all-access,all-agents,315
en.wikipedia,John_George_Children,monthly,2021-12-01,all-access,all-agents,287
en.wikipedia,John_George_Children,monthly,2022-01-01,all-access,all-agents,348
en.wikipedia,John_George_Children,monthly,2022-02-01,all-access,all-agents,397
en.wikipedia,John_George_Children,monthly,2022-03-01,all-access,all-agents,441
en.wikipedia,John_George_Children,monthly,2022-04-01,all-access,all-agents,413
en.wikipedia,John_George_Children,monthly,2022-05-01,all-access,all-agents,513
en.wikipedia,John_George_Children,monthly,2022-06-01,all-access,all-agents,359
en.wikipedia,John_George_Children,monthly,2022-07-01,all-access,all-agents,386
en.wikipedia,John_George_Children,monthly,2022-08-01,all-access,all-agents,426
en.wikipedia,John_George_Children,monthly,2022-09-01,all-access,all-agents,376
en.wikipedia,John_George_Children,monthly,2022-10-01,all-access,all-agents,338
en.wikipedia,John_George_Children,monthly,2022-11-01,all-access,all-agents,463
en.wikipedia,John_George_Children,monthly,2022-12-01,all-access,all-agents,342
en.wikipedia,Adelaide_Claxton,monthly,2020-01-01,all-access,all-agents,148
en.wikipedia,Adelaide_Claxton,monthly,2020-02-01,all-access,all-agents,94
en.wikipedia,Adelaide_Claxton,monthly,2020-03-01,all-access,all-agents,128
en.wikipedia,Adelaide_Claxton,monthly,2020-04-01,all-access,all-agents,139
en.wikipedia,Adelaide_Claxton,monthly,2020-05-01,all-access,all-agents,190
en.wikipedia,Adelaide_Claxton,monthly,2020-06-01,all-access,all-agents,203
en.wikipedia,Adelaide_Claxton,monthly,2020-07-01,all-access,all-agents,149
en.wikipedia,Adelaide_Claxton,monthly,2020-08-01,all-access,all-agents,157
en.wikipedia,Adelaide_Claxton,monthly,2020-09-01,all-access,all-agents,165
en.wikipedia,Adelaide_Claxton,monthly,2020-10-01,all-access,all-agents,383
en.wikipedia,Adelaide_Claxton,monthly,2020-11-01,all-access,all-agents,297
en.wikipedia,Adelaide_Claxton,monthly,2020-12-01,all-access,all-agents,216
en.wikipedia,Adelaide_Claxton,monthly,2021-01-01,all-access,all-agents,222
en.wikipedia,Adelaide_Claxton,monthly,2021-02-01,all-access,all-agents,193
en.wikipedia,Adelaide_Claxton,monthly,2021-03-01,all-access,all-agents,189
en.wikipedia,Adelaide_Claxton,monthly,2021-04-01,all-access,all-agents,217
en.wikipedia,Adelaide_Claxton,monthly,2021-05-01,all-access,all-agents,197
en.wikipedia,Adelaide_Claxton,monthly,2021-06-01,all-access,all-agents,179
en.wikipedia,Adelaide_Claxton,monthly,2021-07-01,all-access,all-agents,166
en.wikipedia,Adelaide_Claxton,monthly,2021-08-01,all-access,all-agents,211
en.wikipedia,Adelaide_Claxton,monthly,2021-09-01,all-access,all-agents,290
en.wikipedia,Adelaide_Claxton,monthly,2021-10-01,all-access,all-agents,238
en.wikipedia,Adelaide_Claxton,monthly,2021-11-01,all-access,all-agents,214
en.wikipedia,Adelaide_Claxton,monthly,2021-12-01,all-access,all-agents,169
en.wikipedia,Adelaide_Claxton,monthly,2022-01-01,all-access,all-agents,169
en.wikipedia,Adelaide_Claxton,monthly,2022-02-01,all-access,all-agents,203
en.wikipedia,Adelaide_Claxton,monthly,2022-03-01,all-access,all-agents,190
en.wikipedia,Adelaide_Claxton,monthly,2022-04-01,all-access,all-agents,164
en.wikipedia,Adelaide_Claxton,monthly,2022-05-01,all-access,all-agents,157
en.wikipedia,Adelaide_Claxton,monthly,2022-06-01,all-access,all-agents,151
en.wikipedia,Adelaide_Claxton,monthly,2022-07-01,all-access,all-agents,145
en.wikipedia,Adelaide_Claxton,monthly,2022-08-01,all-access,all-agents,155
en.wikipedia,Adelaide_Claxton,monthly,2022-09-01,all-access,all-agents,183
en.wikipedia,Adelaide_Claxton,monthly,2022-10-01,all-access,all-agents,247
en.wikipedia,Adelaide_Claxton,monthly,2022-11-01,all-access,all-agents,239
en.wikipedia,Adelaide_Claxton,monthly,2022-12-01,all-access,all-agents,124
en.wikipedia,Henry_Doubleday_(horticulturalist),monthly,2020-01-01,all-access,all-agents,102
en.wikipedia,Henry_Doubleday_(horticulturalist),monthly,2020-02-01,all-access,all-agents,123
en.wikipedia,Henry_Doubleday_(horticulturalist),monthly,2020-03-01,all-access,all-agents,83
en.wikipedia,Henry_Doubleday_(horticulturalist),monthly,2020-04-01,all-access,all-agents,137
en.wikipedia,Henry_Doubleday_(horticulturalist),monthly,2020-05-01,all-access,all-agents,138
en.wikipedia,Henry_Doubleday_(horticulturalist),monthly,2020-06-01,all-access,all-agents,120
en.wikipedia,Henry_Doubleday_(horticulturalist),monthly,2020-07-01,all-access,all-agents,135
en.wikipedia,Henry_Doubleday_(horticulturalist),monthly,2020-08-01,all-access,all-agents,112
en.wikipedia,Henry_Doubleday_(horticulturalist),monthly,2020-09-01,all-access,all-agents,123
en.wikipedia,Henry_Doubleday_(horticulturalist),monthly,2020-10-01,all-access,all-agents,98
en.wikipedia,Henry_Doubleday_(horticulturalist),monthly,2020-11-01,all-access,all-agents,111
en.wikipedia,Henry_Doubleday_(horticulturalist),monthly,2020-12-01,all-access,all-agents,106
en.wikipedia,Henry_Doubleday_(horticulturalist),monthly,2021-01-01,all-access,all-agents,105
en.wikipedia,Henry_Doubleday_(horticulturalist),monthly,2021-02-01,all-access,all-agents,99
en.wikipedia,Henry_Doubleday_(horticulturalist),monthly,2021-03-01,all-access,all-agents,173
en.wikipedia,Henry_Doubleday_(horticulturalist),monthly,2021-04-01,all-access,all-agents,236
en.wikipedia,Henry_Doubleday_(horticulturalist),monthly,2021-05-01,all-access,all-agents,142
en.wikipedia,Henry_Doubleday_(horticulturalist),monthly,2021-06-01,all-access,all-agents,132
en.wikipedia,Henry_Doubleday_(horticulturalist),monthly,2021-07-01,all-access,all-agents,125
en.wikipedia,Henry_Doubleday_(horticulturalist),monthly,2021-08-01,all-access,all-agents,95
en.wikipedia,Henry_Doubleday_(horticulturalist),monthly,2021-09-01,all-access,all-agents,127
en.wikipedia,Henry_Doubleday_(horticulturalist),monthly,2021-10-01,all-access,all-agents,127
en.wikipedia,Henry_Doubleday_(horticulturalist),monthly,2021-11-01,all-access,all-agents,90
en.wikipedia,Henry_Doubleday_(horticulturalist),monthly,2021-12-01,all-access,all-agents,81
en.wikipedia,Henry_Doubleday_(horticulturalist),monthly,2022-01-01,all-access,all-agents,88
en.wikipedia,Henry_Doubleday_(horticulturalist),monthly,2022-02-01,all-access,all-agents,85
en.wikipedia,Henry_Doubleday_(horticulturalist),monthly,2022-03-01,all-access,all-agents,110
en.wikipedia,Henry_Doubleday_(horticulturalist),monthly,2022-04-01,all-access,all-agents,113
en.wikipedia,Henry_Doubleday_(horticulturalist),monthly,2022-05-01,all-access,all-agents,153
en.wikipedia,Henry_Doubleday_(horticulturalist),monthly,2022-06-01,all-access,all-agents,158
en.wikipedia,Henry_Doubleday_(horticulturalist),monthly,2022-07-01,all-access,all-agents,108
en.wikipedia,Henry_Doubleday_(horticulturalist),monthly,2022-08-01,all-access,all-agents,125
en.wikipedia,Henry_Doubleday_(horticulturalist),monthly,2022-09-01,all-access,all-agents,105
en.wikipedia,Henry_Doubleday_(horticulturalist),monthly,2022-10-01,all-access,all-agents,90
en.wikipedia,Henry_Doubleday_(horticulturalist),monthly,2022-11-01,all-access,all-agents,89
en.wikipedia,Henry_Doubleday_(horticulturalist),monthly,2022-12-01,all-access,all-agents,256
en.wikipedia,George_Windsor_Earl,monthly,2020-01-01,all-access,all-agents,414
en.wikipedia,George_Windsor_Earl,monthly,2020-02-01,all-access,all-agents,400
en.wikipedia,George_Windsor_Earl,monthly,2020-03-01,all-access,all-agents,348
en.wikipedia,George_Windsor_Earl,monthly,2020-04-01,all-access,all-agents,511
en.wikipedia,George_Windsor_Earl,monthly,2020-05-01,all-access,all-agents,472
en.wikipedia,George_Windsor_Earl,monthly,2020-06-01,all-access,all-agents,501
en.wikipedia,George_Windsor_Earl,monthly,2020-07-01,all-access,all-agents,324
en.wikipedia,George_Windsor_Earl,monthly,2020-08-01,all-access,all-agents,380
en.wikipedia,George_Windsor_Earl,monthly,2020-09-01,all-access,all-agents,347
en.wikipedia,George_Windsor_Earl,monthly,2020-10-01,all-access,all-agents,323
en.wikipedia,George_Windsor_Earl,monthly,2020-11-01,all-access,all-agents,372
en.wikipedia,George_Windsor_Earl,monthly,2020-12-01,all-access,all-agents,317
en.wikipedia,George_Windsor_Earl,monthly,2021-01-01,all-access,all-agents,346
en.wikipedia,George_Windsor_Earl,monthly,2021-02-01,all-access,all-agents,411
en.wikipedia,George_Windsor_Earl,monthly,2021-03-01,all-access,all-agents,372
en.wikipedia,George_Windsor_Earl,monthly,2021-04-01,all-access,all-agents,388
en.wikipedia,George_Windsor_Earl,monthly,2021-05-01,all-access,all-agents,355
en.wikipedia,George_Windsor_Earl,monthly,2021-06-01,all-access,all-agents,361
en.wikipedia,George_Windsor_Earl,monthly,2021-07-01,all-access,all-agents,353
en.wikipedia,George_Windsor_Earl,monthly,2021-08-01,all-access,all-agents,608
en.wikipedia,George_Windsor_Earl,monthly,2021-09-01,all-access,all-agents,363
en.wikipedia,George_Windsor_Earl,monthly,2021-10-01,all-access,all-agents,386
en.wikipedia,George_Windsor_Earl,monthly,2021-11-01,all-access,all-agents,369
en.wikipedia,George_Windsor_Earl,monthly,2021-12-01,all-access,all-agents,539
en.wikipedia,George_Windsor_Earl,monthly,2022-01-01,all-access,all-agents,534
en.wikipedia,George_Windsor_Earl,monthly,2022-02-01,all-access,all-agents,449
en.wikipedia,George_Windsor_Earl,monthly,2022-03-01,all-access,all-agents,415
en.wikipedia,George_Windsor_Earl,monthly,2022-04-01,all-access,all-agents,351
en.wikipedia,George_Windsor_Earl,monthly,2022-05-01,all-access,all-agents,445
en.wikipedia,George_Windsor_Earl,monthly,2022-06-01,all-access,all-agents,405
en.wikipedia,George_Windsor_Earl,monthly,2022-07-01,all-access,all-agents,338
en.wikipedia,George_Windsor_Earl,monthly,2022-08-01,all-access,all-agents,408
en.wikipedia,George_Windsor_Earl,monthly,2022-09-01,all-access,all-agents,579
en.wikipedia,George_Windsor_Earl,monthly,2022-10-01,all-access,all-agents,301
en.wikipedia,George_Windsor_Earl,monthly,2022-11-01,all-access,all-agents,357
en.wikipedia,George_Windsor_Earl,monthly,2022-12-01,all-access,all-agents,369
en.wikipedia,Peter_Fairbairn,monthly,2020-01-01,all-access,all-agents,157
en.wikipedia,Peter_Fairbairn,monthly,2020-02-01,all-access,all-agents,130
en.wikipedia,Peter_Fairbairn,monthly,2020-03-01,all-access,all-agents,122
en.wikipedia,Peter_Fairbairn,monthly,2020-04-01,all-access,all-agents,156
en.wikipedia,Peter_Fairbairn,monthly,2020-05-01,all-access,all-agents,127
en.wikipedia,Peter_Fairbairn,monthly,2020-06-01,all-access,all-agents,270
en.wikipedia,Peter_Fairbairn,monthly,2020-07-01,all-access,all-agents,150
en.wikipedia,Peter_Fairbairn,monthly,2020-08-01,all-access,all-agents,88
en.wikipedia,Peter_Fairbairn,monthly,2020-09-01,all-access,all-agents,119
en.wikipedia,Peter_Fairbairn,monthly,2020-10-01,all-access,all-agents,154
en.wikipedia,Peter_Fairbairn,monthly,2020-11-01,all-access,all-agents,136
en.wikipedia,Peter_Fairbairn,monthly,2020-12-01,all-access,all-agents,126
en.wikipedia,Peter_Fairbairn,monthly,2021-01-01,all-access,all-agents,159
en.wikipedia,Peter_Fairbairn,monthly,2021-02-01,all-access,all-agents,183
en.wikipedia,Peter_Fairbairn,monthly,2021-03-01,all-access,all-agents,131
en.wikipedia,Peter_Fairbairn,monthly,2021-04-01,all-access,all-agents,127
en.wikipedia,Peter_Fairbairn,monthly,2021-05-01,all-access,all-agents,107
en.wikipedia,Peter_Fairbairn,monthly,2021-06-01,all-access,all-agents,152
en.wikipedia,Peter_Fairbairn,monthly,2021-07-01,all-access,all-agents,181
en.wikipedia,Peter_Fairbairn,monthly,2021-08-01,all-access,all-agents,195
en.wikipedia,Peter_Fairbairn,monthly,2021-09-01,all-access,all-agents,249
en.wikipedia,Peter_Fairbairn,monthly,2021-10-01,all-access,all-agents,240
en.wikipedia,Peter_Fairbairn,monthly,2021-11-01,all-access,all-agents,163
en.wikipedia,Peter_Fairbairn,monthly,2021-12-01,all-access,all-agents,222
en.wikipedia,Peter_Fairbairn,monthly,2022-01-01,all-access,all-agents,242
en.wikipedia,Peter_Fairbairn,monthly,2022-02-01,all-access,all-agents,231
en.wikipedia,Peter_Fairbairn,monthly,2022-03-01,all-access,all-agents,255
en.wikipedia,Peter_Fairbairn,monthly,2022-04-01,all-access,all-agents,283
en.wikipedia,Peter_Fairbairn,monthly,2022-05-01,all-access,all-agents,257
en.wikipedia,Peter_Fairbairn,monthly,2022-06-01,all-access,all-agents,247
en.wikipedia,Peter_Fairbairn,monthly,2022-07-01,all-access,all-agents,180
en.wikipedia,Peter_Fairbairn,monthly,2022-08-01,all-access,all-agents,108
en.wikipedia,Peter_Fairbairn,monthly,2022-09-01,all-access,all-agents,92
en.wikipedia,Peter_Fairbairn,monthly,2022-10-01,all-access,all-agents,112
en.wikipedia,Peter_Fairbairn,monthly,2022-11-01,all-access,all-agents,105
en.wikipedia,Peter_Fairbairn,monthly,2022-12-01,all-access,all-agents,90
en.wikipedia,Henry_Ogg_Forbes,monthly,2020-01-01,all-access,all-agents,316
en.wikipedia,Henry_Ogg_Forbes,monthly,2020-02-01,all-access,all-agents,277
en.wikipedia,Henry_Ogg_Forbes,monthly,2020-03-01,all-access,all-agents,205
en.wikipedia,Henry_Ogg_Forbes,monthly,2020-04-01,all-access,all-agents,333
en.wikipedia,Henry_Ogg_Forbes,monthly,2020-05-01,all-access,all-agents,265
en.wikipedia,Henry_Ogg_Forbes,monthly,2020-06-01,all-access,all-agents,245
en.wikipedia,Henry_Ogg_Forbes,monthly,2020-07-01,all-access,all-agents,239
en.wikipedia,Henry_Ogg_Forbes,monthly,2020-08-01,all-access,all-agents,271
en.wikipedia,Henry_Ogg_Forbes,monthly,2020-09-01,all-access,all-agents,275
en.wikipedia,Henry_Ogg_Forbes,monthly,2020-10-01,all-access,all-agents,209
en.wikipedia,Henry_Ogg_Forbes,monthly,2020-11-01,all-access,all-agents,189
en.wikipedia,Henry_Ogg_Forbes,monthly,2020-12-01,all-access,all-agents,229
en.wikipedia,Henry_Ogg_Forbes,monthly,2021-01-01,all-access,all-agents,207
en.wikipedia,Henry_Ogg_Forbes,monthly,2021-02-01,all-access,all-agents,192
en.wikipedia,Henry_Ogg_Forbes,monthly,2021-03-01,all-access,all-agents,255
en.wikipedia,Henry_Ogg_Forbes,monthly,2021-04-01,all-access,all-agents,231
en.wikipedia,Henry_Ogg_Forbes,monthly,2021-05-01,all-access,all-agents,258
en.wikipedia,Henry_Ogg_Forbes,monthly,2021-06-01,all-access,all-agents,223
en.wikipedia,Henry_Ogg_Forbes,monthly,2021-07-01,all-access,all-agents,210
en.wikipedia,Henry_Ogg_Forbes,monthly,2021-08-01,all-access,all-agents,248
en.wikipedia,Henry_Ogg_Forbes,monthly,2021-09-01,all-access,all-agents,198
en.wikipedia,Henry_Ogg_Forbes,monthly,2021-10-01,all-access,all-agents,210
en.wikipedia,Henry_Ogg_Forbes,monthly,2021-11-01,all-access,all-agents,211
en.wikipedia,Henry_Ogg_Forbes,monthly,2021-12-01,all-access,all-agents,216
en.wikipedia,Henry_Ogg_Forbes,monthly,2022-01-01,all-access,all-agents,276
en.wikipedia,Henry_Ogg_Forbes,monthly,2022-02-01,all-access,all-agents,258
en.wikipedia,Henry_Ogg_Forbes,monthly,2022-03-01,all-access,all-agents,268
en.wikipedia,Henry_Ogg_Forbes,monthly,2022-04-01,all-access,all-agents,254
en.wikipedia,Henry_Ogg_Forbes,monthly,2022-05-01,all-access,all-agents,279
en.wikipedia,Henry_Ogg_Forbes,monthly,2022-06-01,all-access,all-agents,307
en.wikipedia,Henry_Ogg_Forbes,monthly,2022-07-01,all-access,all-agents,269
en.wikipedia,Henry_Ogg_Forbes,monthly,2022-08-01,all-access,all-agents,400
en.wikipedia,Henry_Ogg_Forbes,monthly,2022-09-01,all-access,all-agents,231
en.wikipedia,Henry_Ogg_Forbes,monthly,2022-10-01,all-access,all-agents,181
en.wikipedia,Henry_Ogg_Forbes,monthly,2022-11-01,all-access,all-agents,223
en.wikipedia,Henry_Ogg_Forbes,monthly,2022-12-01,all-access,all-agents,255
en.wikipedia,Hardy_progeny_of_the_North,monthly,2022-01-01,all-access,all-agents,78
en.wikipedia,Hardy_progeny_of_the_North,monthly,2022-02-01,all-access,all-agents,138
en.wikipedia,Hardy_progeny_of_the_North,monthly,2022-03-01,all-access,all-agents,36
en.wikipedia,Hardy_progeny_of_the_North,monthly,2022-04-01,all-access,all-agents,53
en.wikipedia,Hardy_progeny_of_the_North,monthly,2022-05-01,all-access,all-agents,36
en.wikipedia,Hardy_progeny_of_the_North,monthly,2022-06-01,all-access,all-agents,40
en.wikipedia,Hardy_progeny_of_the_North,monthly,2022-07-01,all-access,all-agents,24
en.wikipedia,Hardy_progeny_of_the_North,monthly,2022-08-01,all-access,all-agents,55
en.wikipedia,Hardy_progeny_of_the_North,monthly,2022-09-01,all-access,all-agents,57
en.wikipedia,Hardy_progeny_of_the_North,monthly,2022-10-01,all-access,all-agents,39
en.wikipedia,Hardy_progeny_of_the_North,monthly,2022-11-01,all-access,all-agents,25
en.wikipedia,Hardy_progeny_of_the_North,monthly,2022-12-01,all-access,all-agents,30
en.wikipedia,Robert_Jameson,monthly,2020-01-01,all-access,all-agents,591
en.wikipedia,Robert_Jameson,monthly,2020-02-01,all-access,all-agents,384
en.wikipedia,Robert_Jameson,monthly,2020-03-01,all-access,all-agents,635
en.wikipedia,Robert_Jameson,monthly,2020-04-01,all-access,all-agents,690
en.wikipedia,Robert_Jameson,monthly,2020-05-01,all-access,all-agents,531
en.wikipedia,Robert_Jameson,monthly,2020-06-01,all-access,all-agents,711
en.wikipedia,Robert_Jameson,monthly,2020-07-01,all-access,all-agents,482
en.wikipedia,Robert_Jameson,monthly,2020-08-01,all-access,all-agents,470
en.wikipedia,Robert_Jameson,monthly,2020-09-01,all-access,all-agents,431
en.wikipedia,Robert_Jameson,monthly,2020-10-01,all-access,all-agents,422
en.wikipedia,Robert_Jameson,monthly,2020-11-01,all-access,all-agents,456
en.wikipedia,Robert_Jameson,monthly,2020-12-01,all-access,all-agents,454
en.wikipedia,Robert_Jameson,monthly,2021-01-01,all-access,all-agents,478
en.wikipedia,Robert_Jameson,monthly,2021-02-01,all-access,all-agents,544
en.wikipedia,Robert_Jameson,monthly,2021-03-01,all-access,all-agents,544
en.wikipedia,Robert_Jameson,monthly,2021-04-01,all-access,all-agents,562
en.wikipedia,Robert_Jameson,monthly,2021-05-01,all-access,all-agents,540
en.wikipedia,Robert_Jameson,monthly,2021-06-01,all-access,all-agents,1102
en.wikipedia,Robert_Jameson,monthly,2021-07-01,all-access,all-agents,447
en.wikipedia,Robert_Jameson,monthly,2021-08-01,all-access,all-agents,467
en.wikipedia,Robert_Jameson,monthly,2021-09-01,all-access,all-agents,466
en.wikipedia,Robert_Jameson,monthly,2021-10-01,all-access,all-agents,441
en.wikipedia,Robert_Jameson,monthly,2021-11-01,all-access,all-agents,482
en.wikipedia,Robert_Jameson,monthly,2021-12-01,all-access,all-agents,893
en.wikipedia,Robert_Jameson,monthly,2022-01-01,all-access,all-agents,583
en.wikipedia,Robert_Jameson,monthly,2022-02-01,all-access,all-agents,551
en.wikipedia,Robert_Jameson,monthly,2022-03-01,all-access,all-agents,486
en.wikipedia,Robert_Jameson,monthly,2022-04-01,all-access,all-agents,627
en.wikipedia,Robert_Jameson,monthly,2022-05-01,all-access,all-agents,555
en.wikipedia,Robert_Jameson,monthly,2022-06-01,all-access,all-agents,549
en.wikipedia,Robert_Jameson,monthly,2022-07-01,all-access,all-agents,539
en.wikipedia,Robert_Jameson,monthly,2022-08-01,all-access,all-agents,686
en.wikipedia,Robert_Jameson,monthly,2022-09-01,all-access,all-agents,561
en.wikipedia,Robert_Jameson,monthly,2022-10-01,all-access,all-agents,513
en.wikipedia,Robert_Jameson,monthly,2022-11-01,all-access,all-agents,518
en.wikipedia,Robert_Jameson,monthly,2022-12-01,all-access,all-agents,1513
en.wikipedia,Edward_Taylor_Jones,monthly,2020-01-01,all-access,all-agents,63
en.wikipedia,Edward_Taylor_Jones,monthly,2020-02-01,all-access,all-agents,41
en.wikipedia,Edward_Taylor_Jones,monthly,2020-03-01,all-access,all-agents,38
en.wikipedia,Edward_Taylor_Jones,monthly,2020-04-01,all-access,all-agents,63
en.wikipedia,Edward_Taylor_Jones,monthly,2020-05-01,all-access,all-agents,52
en.wikipedia,Edward_Taylor_Jones,monthly,2020-06-01,all-access,all-agents,50
en.wikipedia,Edward_Taylor_Jones,monthly,2020-07-01,all-access,all-agents,52
en.wikipedia,Edward_Taylor_Jones,monthly,2020-08-01,all-access,all-agents,64
en.wikipedia,Edward_Taylor_Jones,monthly,2020-09-01,all-access,all-agents,61
en.wikipedia,Edward_Taylor_Jones,monthly,2020-10-01,all-access,all-agents,57
en.wikipedia,Edward_Taylor_Jones,monthly,2020-11-01,all-access,all-agents,57
en.wikipedia,Edward_Taylor_Jones,monthly,2020-12-01,all-access,all-agents,69
en.wikipedia,Edward_Taylor_Jones,monthly,2021-01-01,all-access,all-agents,66
en.wikipedia,Edward_Taylor_Jones,monthly,2021-02-01,all-access,all-agents,53
en.wikipedia,Edward_Taylor_Jones,monthly,2021-03-01,all-access,all-agents,58
en.wikipedia,Edward_Taylor_Jones,monthly,2021-04-01,all-access,all-agents,49
en.wikipedia,Edward_Taylor_Jones,monthly,2021-05-01,all-access,all-agents,81
en.wikipedia,Edward_Taylor_Jones,monthly,2021-06-01,all-access,all-agents,57
en.wikipedia,Edward_Taylor_Jones,monthly,2021-07-01,all-access,all-agents,66
en.wikipedia,Edward_Taylor_Jones,monthly,2021-08-01,all-access,all-agents,54
en.wikipedia,Edward_Taylor_Jones,monthly,2021-09-01,all-access,all-agents,63
en.wikipedia,Edward_Taylor_Jones,monthly,2021-10-01,all-access,all-agents,58
en.wikipedia,Edward_Taylor_Jones,monthly,2021-11-01,all-access,all-agents,42
en.wikipedia,Edward_Taylor_Jones,monthly,2021-12-01,all-access,all-agents,35
en.wikipedia,Edward_Taylor_Jones,monthly,2022-01-01,all-access,all-agents,72
en.wikipedia,Edward_Taylor_Jones,monthly,2022-02-01,all-access,all-agents,55
en.wikipedia,Edward_Taylor_Jones,monthly,2022-03-01,all-access,all-agents,37
en.wikipedia,Edward_Taylor_Jones,monthly,2022-04-01,all-access,all-agents,68
en.wikipedia,Edward_Taylor_Jones,monthly,2022-05-01,all-access,all-agents,46
en.wikipedia,Edward_Taylor_Jones,monthly,2022-06-01,all-access,all-agents,59
en.wikipedia,Edward_Taylor_Jones,monthly,2022-07-01,all-access,all-agents,64
en.wikipedia,Edward_Taylor_Jones,monthly,2022-08-01,all-access,all-agents,67
en.wikipedia,Edward_Taylor_Jones,monthly,2022-09-01,all-access,all-agents,35
en.wikipedia,Edward_Taylor_Jones,monthly,2022-10-01,all-access,all-agents,54
en.wikipedia,Edward_Taylor_Jones,monthly,2022-11-01,all-access,all-agents,68
en.wikipedia,Edward_Taylor_Jones,monthly,2022-12-01,all-access,all-agents,40
en.wikipedia,Robert_Knox,monthly,2020-01-01,all-access,all-agents,4464
en.wikipedia,Robert_Knox,monthly,2020-02-01,all-access,all-agents,4324
en.wikipedia,Robert_Knox,monthly,2020-03-01,all-access,all-agents,4440
en.wikipedia,Robert_Knox,monthly,2020-04-01,all-access,all-agents,4788
en.wikipedia,Robert_Knox,monthly,2020-05-01,all-access,all-agents,4903
en.wikipedia,Robert_Knox,monthly,2020-06-01,all-access,all-agents,5328
en.wikipedia,Robert_Knox,monthly,2020-07-01,all-access,all-agents,4595
en.wikipedia,Robert_Knox,monthly,2020-08-01,all-access,all-agents,4882
en.wikipedia,Robert_Knox,monthly,2020-09-01,all-access,all-agents,4865
en.wikipedia,Robert_Knox,monthly,2020-10-01,all-access,all-agents,5277
en.wikipedia,Robert_Knox,monthly,2020-11-01,all-access,all-agents,5156
en.wikipedia,Robert_Knox,monthly,2020-12-01,all-access,all-agents,5000
en.wikipedia,Robert_Knox,monthly,2021-01-01,all-access,all-agents,5493
en.wikipedia,Robert_Knox,monthly,2021-02-01,all-access,all-agents,5570
en.wikipedia,Robert_Knox,monthly,2021-03-01,all-access,all-agents,5401
en.wikipedia,Robert_Knox,monthly,2021-04-01,all-access,all-agents,5830
en.wikipedia,Robert_Knox,monthly,2021-05-01,all-access,all-agents,7522
en.wikipedia,Robert_Knox,monthly,2021-06-01,all-access,all-agents,5513
en.wikipedia,Robert_Knox,monthly,2021-07-01,all-access,all-agents,5381
en.wikipedia,Robert_Knox,monthly,2021-08-01,all-access,all-agents,5609
en.wikipedia,Robert_Knox,monthly,2021-09-01,all-access,all-agents,5183
en.wikipedia,Robert_Knox,monthly,2021-10-01,all-access,all-agents,6306
en.wikipedia,Robert_Knox,monthly,2021-11-01,all-access,all-agents,6101
en.wikipedia,Robert_Knox,monthly,2021-12-01,all-access,all-agents,4953
en.wikipedia,Robert_Knox,monthly,2022-01-01,all-access,all-agents,7030
en.wikipedia,Robert_Knox,monthly,2022-02-01,all-access,all-agents,4596
en.wikipedia,Robert_Knox,monthly,2022-03-01,all-access,all-agents,6011
en.wikipedia,Robert_Knox,monthly,2022-04-01,all-access,all-agents,4859
en.wikipedia,Robert_Knox,monthly,2022-05-01,all-access,all-agents,5707
en.wikipedia,Robert_Knox,monthly,2022-06-01,all-access,all-agents,4747
en.wikipedia,Robert_Knox,monthly,2022-07-01,all-access,all-agents,4826
en.wikipedia,Robert_Knox,monthly,2022-08-01,all-access,all-agents,5397
en.wikipedia,Robert_Knox,monthly,2022-09-01,all-access,all-agents,6392
en.wikipedia,Robert_Knox,monthly,2022-10-01,all-access,all-agents,12792
en.wikipedia,Robert_Knox,monthly,2022-11-01,all-access,all-agents,6189
en.wikipedia,Robert_Knox,monthly,2022-12-01,all-access,all-agents,5424
en.wikipedia,Arthur_Lapworth,monthly,2020-01-01,all-access,all-agents,192
en.wikipedia,Arthur_Lapworth,monthly,2020-02-01,all-access,all-agents,183
en.wikipedia,Arthur_Lapworth,monthly,2020-03-01,all-access,all-agents,153
en.wikipedia,Arthur_Lapworth,monthly,2020-04-01,all-access,all-agents,174
en.wikipedia,Arthur_Lapworth,monthly,2020-05-01,all-access,all-agents,201
en.wikipedia,Arthur_Lapworth,monthly,2020-06-01,all-access,all-agents,143
en.wikipedia,Arthur_Lapworth,monthly,2020-07-01,all-access,all-agents,209
en.wikipedia,Arthur_Lapworth,monthly,2020-08-01,all-access,all-agents,114
en.wikipedia,Arthur_Lapworth,monthly,2020-09-01,all-access,all-agents,106
en.wikipedia,Arthur_Lapworth,monthly,2020-10-01,all-access,all-agents,115
en.wikipedia,Arthur_Lapworth,monthly,2020-11-01,all-access,all-agents,123
en.wikipedia,Arthur_Lapworth,monthly,2020-12-01,all-access,all-agents,343
en.wikipedia,Arthur_Lapworth,monthly,2021-01-01,all-access,all-agents,126
en.wikipedia,Arthur_Lapworth,monthly,2021-02-01,all-access,all-agents,140
en.wikipedia,Arthur_Lapworth,monthly,2021-03-01,all-access,all-agents,138
en.wikipedia,Arthur_Lapworth,monthly,2021-04-01,all-access,all-agents,127
en.wikipedia,Arthur_Lapworth,monthly,2021-05-01,all-access,all-agents,150
en.wikipedia,Arthur_Lapworth,monthly,2021-06-01,all-access,all-agents,135
en.wikipedia,Arthur_Lapworth,monthly,2021-07-01,all-access,all-agents,127
en.wikipedia,Arthur_Lapworth,monthly,2021-08-01,all-access,all-agents,130
en.wikipedia,Arthur_Lapworth,monthly,2021-09-01,all-access,all-agents,142
en.wikipedia,Arthur_Lapworth,monthly,2021-10-01,all-access,all-agents,143
en.wikipedia,Arthur_Lapworth,monthly,2021-11-01,all-access,all-agents,131
en.wikipedia,Arthur_Lapworth,monthly,2021-12-01,all-access,all-agents,138
en.wikipedia,Arthur_Lapworth,monthly,2022-01-01,all-access,all-agents,145
en.wikipedia,Arthur_Lapworth,monthly,2022-02-01,all-access,all-agents,137
en.wikipedia,Arthur_Lapworth,monthly,2022-03-01,all-access,all-agents,126
en.wikipedia,Arthur_Lapworth,monthly,2022-04-01,all-access,all-agents,131
en.wikipedia,Arthur_Lapworth,monthly,2022-05-01,all-access,all-agents,159
en.wikipedia,Arthur_Lapworth,monthly,2022-06-01,all-access,all-agents,156
en.wikipedia,Arthur_Lapworth,monthly,2022-07-01,all-access,all-agents,156
en.wikipedia,Arthur_Lapworth,monthly,2022-08-01,all-access,all-agents,171
en.wikipedia,Arthur_Lapworth,monthly,2022-09-01,all-access,all-agents,136
en.wikipedia,Arthur_Lapworth,monthly,2022-10-01,all-access,all-agents,132
en.wikipedia,Arthur_Lapworth,monthly,2022-11-01,all-access,all-agents,133
en.wikipedia,Arthur_Lapworth,monthly,2022-12-01,all-access,all-agents,145
en.wikipedia,John_Latham_(ornithologist),monthly,2020-01-01,all-access,all-agents,1045
en.wikipedia,John_Latham_(ornithologist),monthly,2020-02-01,all-access,all-agents,1022
en.wikipedia,John_Latham_(ornithologist),monthly,2020-03-01,all-access,all-agents,1010
en.wikipedia,John_Latham_(ornithologist),monthly,2020-04-01,all-access,all-agents,3099
en.wikipedia,John_Latham_(ornithologist),monthly,2020-05-01,all-access,all-agents,1653
en.wikipedia,John_Latham_(ornithologist),monthly,2020-06-01,all-access,all-agents,1399
en.wikipedia,John_Latham_(ornithologist),monthly,2020-07-01,all-access,all-agents,720
en.wikipedia,John_Latham_(ornithologist),monthly,2020-08-01,all-access,all-agents,659
en.wikipedia,John_Latham_(ornithologist),monthly,2020-09-01,all-access,all-agents,707
en.wikipedia,John_Latham_(ornithologist),monthly,2020-10-01,all-access,all-agents,1494
en.wikipedia,John_Latham_(ornithologist),monthly,2020-11-01,all-access,all-agents,4192
en.wikipedia,John_Latham_(ornithologist),monthly,2020-12-01,all-access,all-agents,1359
en.wikipedia,John_Latham_(ornithologist),monthly,2021-01-01,all-access,all-agents,1065
en.wikipedia,John_Latham_(ornithologist),monthly,2021-02-01,all-access,all-agents,1241
en.wikipedia,John_Latham_(ornithologist),monthly,2021-03-01,all-access,all-agents,892
en.wikipedia,John_Latham_(ornithologist),monthly,2021-04-01,all-access,all-agents,5185
en.wikipedia,John_Latham_(ornithologist),monthly,2021-05-01,all-access,all-agents,989
en.wikipedia,John_Latham_(ornithologist),monthly,2021-06-01,all-access,all-agents,746
en.wikipedia,John_Latham_(ornithologist),monthly,2021-07-01,all-access,all-agents,1140
en.wikipedia,John_Latham_(ornithologist),monthly,2021-08-01,all-access,all-agents,1043
en.wikipedia,John_Latham_(ornithologist),monthly,2021-09-01,all-access,all-agents,914
en.wikipedia,John_Latham_(ornithologist),monthly,2021-10-01,all-access,all-agents,939
en.wikipedia,John_Latham_(ornithologist),monthly,2021-11-01,all-access,all-agents,854
en.wikipedia,John_Latham_(ornithologist),monthly,2021-12-01,all-access,all-agents,3838
en.wikipedia,John_Latham_(ornithologist),monthly,2022-01-01,all-access,all-agents,1092
en.wikipedia,John_Latham_(ornithologist),monthly,2022-02-01,all-access,all-agents,1369
en.wikipedia,John_Latham_(ornithologist),monthly,2022-03-01,all-access,all-agents,1036
en.wikipedia,John_Latham_(ornithologist),monthly,2022-04-01,all-access,all-agents,4758
en.wikipedia,John_Latham_(ornithologist),monthly,2022-05-01,all-access,all-agents,1012
en.wikipedia,John_Latham_(ornithologist),monthly,2022-06-01,all-access,all-agents,901
en.wikipedia,John_Latham_(ornithologist),monthly,2022-07-01,all-access,all-agents,930
en.wikipedia,John_Latham_(ornithologist),monthly,2022-08-01,all-access,all-agents,1005
en.wikipedia,John_Latham_(ornithologist),monthly,2022-09-01,all-access,all-agents,812
en.wikipedia,John_Latham_(ornithologist),monthly,2022-10-01,all-access,all-agents,1025
en.wikipedia,John_Latham_(ornithologist),monthly,2022-11-01,all-access,all-agents,1204
en.wikipedia,John_Latham_(ornithologist),monthly,2022-12-01,all-access,all-agents,1088
en.wikipedia,Magnus_Maclean,monthly,2020-01-01,all-access,all-agents,91
en.wikipedia,Magnus_Maclean,monthly,2020-02-01,all-access,all-agents,56
en.wikipedia,Magnus_Maclean,monthly,2020-03-01,all-access,all-agents,97
en.wikipedia,Magnus_Maclean,monthly,2020-04-01,all-access,all-agents,84
en.wikipedia,Magnus_Maclean,monthly,2020-05-01,all-access,all-agents,82
en.wikipedia,Magnus_Maclean,monthly,2020-06-01,all-access,all-agents,52
en.wikipedia,Magnus_Maclean,monthly,2020-07-01,all-access,all-agents,60
en.wikipedia,Magnus_Maclean,monthly,2020-08-01,all-access,all-agents,113
en.wikipedia,Magnus_Maclean,monthly,2020-09-01,all-access,all-agents,75
en.wikipedia,Magnus_Maclean,monthly,2020-10-01,all-access,all-agents,92
en.wikipedia,Magnus_Maclean,monthly,2020-11-01,all-access,all-agents,68
en.wikipedia,Magnus_Maclean,monthly,2020-12-01,all-access,all-agents,54
en.wikipedia,Magnus_Maclean,monthly,2021-01-01,all-access,all-agents,83
en.wikipedia,Magnus_Maclean,monthly,2021-02-01,all-access,all-agents,59
en.wikipedia,Magnus_Maclean,monthly,2021-03-01,all-access,all-agents,89
en.wikipedia,Magnus_Maclean,monthly,2021-04-01,all-access,all-agents,135
en.wikipedia,Magnus_Maclean,monthly,2021-05-01,all-access,all-agents,125
en.wikipedia,Magnus_Maclean,monthly,2021-06-01,all-access,all-agents,92
en.wikipedia,Magnus_Maclean,monthly,2021-07-01,all-access,all-agents,85
en.wikipedia,Magnus_Maclean,monthly,2021-08-01,all-access,all-agents,90
en.wikipedia,Magnus_Maclean,monthly,2021-09-01,all-access,all-agents,63
en.wikipedia,Magnus_Maclean,monthly,2021-10-01,all-access,all-agents,82
en.wikipedia,Magnus_Maclean,monthly,2021-11-01,all-access,all-agents,55
en.wikipedia,Magnus_Maclean,monthly,2021-12-01,all-access,all-agents,52
en.wikipedia,Magnus_Maclean,monthly,2022-01-01,all-access,all-agents,41
en.wikipedia,Magnus_Maclean,monthly,2022-02-01,all-access,all-agents,82
en.wikipedia,Magnus_Maclean,monthly,2022-03-01,all-access,all-agents,70
en.wikipedia,Magnus_Maclean,monthly,2022-04-01,all-access,all-agents,72
en.wikipedia,Magnus_Maclean,monthly,2022-05-01,all-access,all-agents,73
en.wikipedia,Magnus_Maclean,monthly,2022-06-01,all-access,all-agents,106
en.wikipedia,Magnus_Maclean,monthly,2022-07-01,all-access,all-agents,101
en.wikipedia,Magnus_Maclean,monthly,2022-08-01,all-access,all-agents,85
en.wikipedia,Magnus_Maclean,monthly,2022-09-01,all-access,all-agents,61
en.wikipedia,Magnus_Maclean,monthly,2022-10-01,all-access,all-agents,64
en.wikipedia,Magnus_Maclean,monthly,2022-11-01,all-access,all-agents,67
en.wikipedia,Magnus_Maclean,monthly,2022-12-01,all-access,all-agents,67
en.wikipedia,William_Morgan_(actuary),monthly,2020-01-01,all-access,all-agents,694
en.wikipedia,William_Morgan_(actuary),monthly,2020-02-01,all-access,all-agents,573
en.wikipedia,William_Morgan_(actuary),monthly,2020-03-01,all-access,all-agents,561
en.wikipedia,William_Morgan_(actuary),monthly,2020-04-01,all-access,all-agents,529
en.wikipedia,William_Morgan_(actuary),monthly,2020-05-01,all-access,all-agents,581
en.wikipedia,William_Morgan_(actuary),monthly,2020-06-01,all-access,all-agents,726
en.wikipedia,William_Morgan_(actuary),monthly,2020-07-01,all-access,all-agents,678
en.wikipedia,William_Morgan_(actuary),monthly,2020-08-01,all-access,all-agents,594
en.wikipedia,William_Morgan_(actuary),monthly,2020-09-01,all-access,all-agents,441
en.wikipedia,William_Morgan_(actuary),monthly,2020-10-01,all-access,all-agents,508
en.wikipedia,William_Morgan_(actuary),monthly,2020-11-01,all-access,all-agents,577
en.wikipedia,William_Morgan_(actuary),monthly,2020-12-01,all-access,all-agents,523
en.wikipedia,William_Morgan_(actuary),monthly,2021-01-01,all-access,all-agents,727
en.wikipedia,William_Morgan_(actuary),monthly,2021-02-01,all-access,all-agents,594
en.wikipedia,William_Morgan_(actuary),monthly,2021-03-01,all-access,all-agents,672
en.wikipedia,William_Morgan_(actuary),monthly,2021-04-01,all-access,all-agents,617
en.wikipedia,William_Morgan_(actuary),monthly,2021-05-01,all-access,all-agents,612
en.wikipedia,William_Morgan_(actuary),monthly,2021-06-01,all-access,all-agents,571
en.wikipedia,William_Morgan_(actuary),monthly,2021-07-01,all-access,all-agents,551
en.wikipedia,William_Morgan_(actuary),monthly,2021-08-01,all-access,all-agents,471
en.wikipedia,William_Morgan_(actuary),monthly,2021-09-01,all-access,all-agents,422
en.wikipedia,William_Morgan_(actuary),monthly,2021-10-01,all-access,all-agents,540
en.wikipedia,William_Morgan_(actuary),monthly,2021-11-01,all-access,all-agents,578
en.wikipedia,William_Morgan_(actuary),monthly,2021-12-01,all-access,all-agents,511
en.wikipedia,William_Morgan_(actuary),monthly,2022-01-01,all-access,all-agents,561
en.wikipedia,William_Morgan_(actuary),monthly,2022-02-01,all-access,all-agents,635
en.wikipedia,William_Morgan_(actuary),monthly,2022-03-01,all-access,all-agents,594
en.wikipedia,William_Morgan_(actuary),monthly,2022-04-01,all-access,all-agents,570
en.wikipedia,William_Morgan_(actuary),monthly,2022-05-01,all-access,all-agents,641
en.wikipedia,William_Morgan_(actuary),monthly,2022-06-01,all-access,all-agents,506
en.wikipedia,William_Morgan_(actuary),monthly,2022-07-01,all-access,all-agents,467
en.wikipedia,William_Morgan_(actuary),monthly,2022-08-01,all-access,all-agents,516
en.wikipedia,William_Morgan_(actuary),monthly,2022-09-01,all-access,all-agents,508
en.wikipedia,William_Morgan_(actuary),monthly,2022-10-01,all-access,all-agents,520
en.wikipedia,William_Morgan_(actuary),monthly,2022-11-01,all-access,all-agents,563
en.wikipedia,William_Morgan_(actuary),monthly,2022-12-01,all-access,all-agents,511
en.wikipedia,Andrew_Murray_(naturalist),monthly,2020-01-01,all-access,all-agents,87
en.wikipedia,Andrew_Murray_(naturalist),monthly,2020-02-01,all-access,all-agents,117
en.wikipedia,Andrew_Murray_(naturalist),monthly,2020-03-01,all-access,all-agents,88
en.wikipedia,Andrew_Murray_(naturalist),monthly,2020-04-01,all-access,all-agents,98
en.wikipedia,Andrew_Murray_(naturalist),monthly,2020-05-01,all-access,all-agents,86
en.wikipedia,Andrew_Murray_(naturalist),monthly,2020-06-01,all-access,all-agents,115
en.wikipedia,Andrew_Murray_(naturalist),monthly,2020-07-01,all-access,all-agents,64
en.wikipedia,Andrew_Murray_(naturalist),monthly,2020-08-01,all-access,all-agents,152
en.wikipedia,Andrew_Murray_(naturalist),monthly,2020-09-01,all-access,all-agents,101
en.wikipedia,Andrew_Murray_(naturalist),monthly,2020-10-01,all-access,all-agents,94
en.wikipedia,Andrew_Murray_(naturalist),monthly,2020-11-01,all-access,all-agents,102
en.wikipedia,Andrew_Murray_(naturalist),monthly,2020-12-01,all-access,all-agents,119
en.wikipedia,Andrew_Murray_(naturalist),monthly,2021-01-01,all-access,all-agents,126
en.wikipedia,Andrew_Murray_(naturalist),monthly,2021-02-01,all-access,all-agents,141
en.wikipedia,Andrew_Murray_(naturalist),monthly,2021-03-01,all-access,all-agents,125
en.wikipedia,Andrew_Murray_(naturalist),monthly,2021-04-01,all-access,all-agents,108
en.wikipedia,Andrew_Murray_(naturalist),monthly,2021-05-01,all-access,all-agents,150
en.wikipedia,Andrew_Murray_(naturalist),monthly,2021-06-01,all-access,all-agents,143
en.wikipedia,Andrew_Murray_(naturalist),monthly,2021-07-01,all-access,all-agents,135
en.wikipedia,Andrew_Murray_(naturalist),monthly,2021-08-01,all-access,all-agents,146
en.wikipedia,Andrew_Murray_(naturalist),monthly,2021-09-01,all-access,all-agents,121
en.wikipedia,Andrew_Murray_(naturalist),monthly,2021-10-01,all-access,all-agents,140
en.wikipedia,Andrew_Murray_(naturalist),monthly,2021-11-01,all-access,all-agents,169
en.wikipedia,Andrew_Murray_(naturalist),monthly,2021-12-01,all-access,all-agents,139
en.wikipedia,Andrew_Murray_(naturalist),monthly,2022-01-01,all-access,all-agents,170
en.wikipedia,Andrew_Murray_(naturalist),monthly,2022-02-01,all-access,all-agents,153
en.wikipedia,Andrew_Murray_(naturalist),monthly,2022-03-01,all-access,all-agents,117
en.wikipedia,Andrew_Murray_(naturalist),monthly,2022-04-01,all-access,all-agents,127
en.wikipedia,Andrew_Murray_(naturalist),monthly,2022-05-01,all-access,all-agents,144
en.wikipedia,Andrew_Murray_(naturalist),monthly,2022-06-01,all-access,all-agents,127
en.wikipedia,Andrew_Murray_(naturalist),monthly,2022-07-01,all-access,all-agents,104
en.wikipedia,Andrew_Murray_(naturalist),monthly,2022-08-01,all-access,all-agents,126
en.wikipedia,Andrew_Murray_(naturalist),monthly,2022-09-01,all-access,all-agents,98
en.wikipedia,Andrew_Murray_(naturalist),monthly,2022-10-01,all-access,all-agents,107
en.wikipedia,Andrew_Murray_(naturalist),monthly,2022-11-01,all-access,all-agents,119
en.wikipedia,Andrew_Murray_(naturalist),monthly,2022-12-01,all-access,all-agents,102
en.wikipedia,Thomas_Hudson_Nelson,monthly,2020-04-01,all-access,all-agents,76
en.wikipedia,Thomas_Hudson_Nelson,monthly,2020-05-01,all-access,all-agents,48
en.wikipedia,Thomas_Hudson_Nelson,monthly,2020-06-01,all-access,all-agents,46
en.wikipedia,Thomas_Hudson_Nelson,monthly,2020-07-01,all-access,all-agents,49
en.wikipedia,Thomas_Hudson_Nelson,monthly,2020-08-01,all-access,all-agents,36
en.wikipedia,Thomas_Hudson_Nelson,monthly,2020-09-01,all-access,all-agents,41
en.wikipedia,Thomas_Hudson_Nelson,monthly,2020-10-01,all-access,all-agents,42
en.wikipedia,Thomas_Hudson_Nelson,monthly,2020-11-01,all-access,all-agents,134
en.wikipedia,Thomas_Hudson_Nelson,monthly,2020-12-01,all-access,all-agents,130
en.wikipedia,Thomas_Hudson_Nelson,monthly,2021-01-01,all-access,all-agents,76
en.wikipedia,Thomas_Hudson_Nelson,monthly,2021-02-01,all-access,all-agents,36
en.wikipedia,Thomas_Hudson_Nelson,monthly,2021-03-01,all-access,all-agents,47
en.wikipedia,Thomas_Hudson_Nelson,monthly,2021-04-01,all-access,all-agents,59
en.wikipedia,Thomas_Hudson_Nelson,monthly,2021-05-01,all-access,all-agents,75
en.wikipedia,Thomas_Hudson_Nelson,monthly,2021-06-01,all-access,all-agents,53
en.wikipedia,Thomas_Hudson_Nelson,monthly,2021-07-01,all-access,all-agents,51
en.wikipedia,Thomas_Hudson_Nelson,monthly,2021-08-01,all-access,all-agents,54
en.wikipedia,Thomas_Hudson_Nelson,monthly,2021-09-01,all-access,all-agents,60
en.wikipedia,Thomas_Hudson_Nelson,monthly,2021-10-01,all-access,all-agents,63
en.wikipedia,Thomas_Hudson_Nelson,monthly,2021-11-01,all-access,all-agents,48
en.wikipedia,Thomas_Hudson_Nelson,monthly,2021-12-01,all-access,all-agents,42
en.wikipedia,Thomas_Hudson_Nelson,monthly,2022-01-01,all-access,all-agents,83
en.wikipedia,Thomas_Hudson_Nelson,monthly,2022-02-01,all-access,all-agents,42
en.wikipedia,Thomas_Hudson_Nelson,monthly,2022-03-01,all-access,all-agents,56
en.wikipedia,Thomas_Hudson_Nelson,monthly,2022-04-01,all-access,all-agents,71
en.wikipedia,Thomas_Hudson_Nelson,monthly,2022-05-01,all-access,all-agents,42
en.wikipedia,Thomas_Hudson_Nelson,monthly,2022-06-01,all-access,all-agents,45
en.wikipedia,Thomas_Hudson_Nelson,monthly,2022-07-01,all-access,all-agents,50
en.wikipedia,Thomas_Hudson_Nelson,monthly,2022-08-01,all-access,all-agents,48
en.wikipedia,Thomas_Hudson_Nelson,monthly,2022-09-01,all-access,all-agents,51
en.wikipedia,Thomas_Hudson_Nelson,monthly,2022-10-01,all-access,all-agents,58
en.wikipedia,Thomas_Hudson_Nelson,monthly,2022-11-01,all-access,all-agents,75
en.wikipedia,Thomas_Hudson_Nelson,monthly,2022-12-01,all-access,all-agents,41
en.wikipedia,Matthew_Young_Orr,monthly,2020-01-01,all-access,all-agents,57
en.wikipedia,Matthew_Young_Orr,monthly,2020-02-01,all-access,all-agents,68
en.wikipedia,Matthew_Young_Orr,monthly,2020-03-01,all-access,all-agents,68
en.wikipedia,Matthew_Young_Orr,monthly,2020-04-01,all-access,all-agents,68
en.wikipedia,Matthew_Young_Orr,monthly,2020-05-01,all-access,all-agents,84
en.wikipedia,Matthew_Young_Orr,monthly,2020-06-01,all-access,all-agents,54
en.wikipedia,Matthew_Young_Orr,monthly,2020-07-01,all-access,all-agents,47
en.wikipedia,Matthew_Young_Orr,monthly,2020-08-01,all-access,all-agents,63
en.wikipedia,Matthew_Young_Orr,monthly,2020-09-01,all-access,all-agents,53
en.wikipedia,Matthew_Young_Orr,monthly,2020-10-01,all-access,all-agents,79
en.wikipedia,Matthew_Young_Orr,monthly,2020-11-01,all-access,all-agents,52
en.wikipedia,Matthew_Young_Orr,monthly,2020-12-01,all-access,all-agents,76
en.wikipedia,Matthew_Young_Orr,monthly,2021-01-01,all-access,all-agents,74
en.wikipedia,Matthew_Young_Orr,monthly,2021-02-01,all-access,all-agents,47
en.wikipedia,Matthew_Young_Orr,monthly,2021-03-01,all-access,all-agents,57
en.wikipedia,Matthew_Young_Orr,monthly,2021-04-01,all-access,all-agents,72
en.wikipedia,Matthew_Young_Orr,monthly,2021-05-01,all-access,all-agents,85
en.wikipedia,Matthew_Young_Orr,monthly,2021-06-01,all-access,all-agents,63
en.wikipedia,Matthew_Young_Orr,monthly,2021-07-01,all-access,all-agents,94
en.wikipedia,Matthew_Young_Orr,monthly,2021-08-01,all-access,all-agents,81
en.wikipedia,Matthew_Young_Orr,monthly,2021-09-01,all-access,all-agents,76
en.wikipedia,Matthew_Young_Orr,monthly,2021-10-01,all-access,all-agents,72
en.wikipedia,Matthew_Young_Orr,monthly,2021-11-01,all-access,all-agents,49
en.wikipedia,Matthew_Young_Orr,monthly,2021-12-01,all-access,all-agents,48
en.wikipedia,Matthew_Young_Orr,monthly,2022-01-01,all-access,all-agents,59
en.wikipedia,Matthew_Young_Orr,monthly,2022-02-01,all-access,all-agents,47
en.wikipedia,Matthew_Young_Orr,monthly,2022-03-01,all-access,all-agents,43
en.wikipedia,Matthew_Young_Orr,monthly,2022-04-01,all-access,all-agents,66
en.wikipedia,Matthew_Young_Orr,monthly,2022-05-01,all-access,all-agents,57
en.wikipedia,Matthew_Young_Orr,monthly,2022-06-01,all-access,all-agents,57
en.wikipedia,Matthew_Young_Orr,monthly,2022-07-01,all-access,all-agents,49
en.wikipedia,Matthew_Young_Orr,monthly,2022-08-01,all-access,all-agents,52
en.wikipedia,Matthew_Young_Orr,monthly,2022-09-01,all-access,all-agents,61
en.wikipedia,Matthew_Young_Orr,monthly,2022-10-01,all-access,all-agents,44
en.wikipedia,Matthew_Young_Orr,monthly,2022-11-01,all-access,all-agents,56
en.wikipedia,Matthew_Young_Orr,monthly,2022-12-01,all-access,all-agents,54
en.wikipedia,Richard_Owen,monthly,2020-01-01,all-access,all-agents,7025
en.wikipedia,Richard_Owen,monthly,2020-02-01,all-access,all-agents,6741
en.wikipedia,Richard_Owen,monthly,2020-03-01,all-access,all-agents,6818
en.wikipedia,Richard_Owen,monthly,2020-04-01,all-access,all-agents,7468
en.wikipedia,Richard_Owen,monthly,2020-05-01,all-access,all-agents,7761
en.wikipedia,Richard_Owen,monthly,2020-06-01,all-access,all-agents,6358
en.wikipedia,Richard_Owen,monthly,2020-07-01,all-access,all-agents,6540
en.wikipedia,Richard_Owen,monthly,2020-08-01,all-access,all-agents,7710
en.wikipedia,Richard_Owen,monthly,2020-09-01,all-access,all-agents,7335
en.wikipedia,Richard_Owen,monthly,2020-10-01,all-access,all-agents,7464
en.wikipedia,Richard_Owen,monthly,2020-11-01,all-access,all-agents,7333
en.wikipedia,Richard_Owen,monthly,2020-12-01,all-access,all-agents,7001
en.wikipedia,Richard_Owen,monthly,2021-01-01,all-access,all-agents,7190
en.wikipedia,Richard_Owen,monthly,2021-02-01,all-access,all-agents,6719
en.wikipedia,Richard_Owen,monthly,2021-03-01,all-access,all-agents,7755
en.wikipedia,Richard_Owen,monthly,2021-04-01,all-access,all-agents,7484
en.wikipedia,Richard_Owen,monthly,2021-05-01,all-access,all-agents,7034
en.wikipedia,Richard_Owen,monthly,2021-06-01,all-access,all-agents,6511
en.wikipedia,Richard_Owen,monthly,2021-07-01,all-access,all-agents,6500
en.wikipedia,Richard_Owen,monthly,2021-08-01,all-access,all-agents,6857
en.wikipedia,Richard_Owen,monthly,2021-09-01,all-access,all-agents,6683
en.wikipedia,Richard_Owen,monthly,2021-10-01,all-access,all-agents,6813
en.wikipedia,Richard_Owen,monthly,2021-11-01,all-access,all-agents,6737
en.wikipedia,Richard_Owen,monthly,2021-12-01,all-access,all-agents,6452
en.wikipedia,Richard_Owen,monthly,2022-01-01,all-access,all-agents,7832
en.wikipedia,Richard_Owen,monthly,2022-02-01,all-access,all-agents,17169
en.wikipedia,Richard_Owen,monthly,2022-03-01,all-access,all-agents,7244
en.wikipedia,Richard_Owen,monthly,2022-04-01,all-access,all-agents,6966
en.wikipedia,Richard_Owen,monthly,2022-05-01,all-access,all-agents,7051
en.wikipedia,Richard_Owen,monthly,2022-06-01,all-access,all-agents,7294
en.wikipedia,Richard_Owen,monthly,2022-07-01,all-access,all-agents,7273
en.wikipedia,Richard_Owen,monthly,2022-08-01,all-access,all-agents,7477
en.wikipedia,Richard_Owen,monthly,2022-09-01,all-access,all-agents,6388
en.wikipedia,Richard_Owen,monthly,2022-10-01,all-access,all-agents,6680
en.wikipedia,Richard_Owen,monthly,2022-11-01,all-access,all-agents,6833
en.wikipedia,Richard_Owen,monthly,2022-12-01,all-access,all-agents,6974
en.wikipedia,John_Purdy_(hydrographer),monthly,2020-01-01,all-access,all-agents,118
en.wikipedia,John_Purdy_(hydrographer),monthly,2020-02-01,all-access,all-agents,118
en.wikipedia,John_Purdy_(hydrographer),monthly,2020-03-01,all-access,all-agents,100
en.wikipedia,John_Purdy_(hydrographer),monthly,2020-04-01,all-access,all-agents,85
en.wikipedia,John_Purdy_(hydrographer),monthly,2020-05-01,all-access,all-agents,125
en.wikipedia,John_Purdy_(hydrographer),monthly,2020-06-01,all-access,all-agents,103
en.wikipedia,John_Purdy_(hydrographer),monthly,2020-07-01,all-access,all-agents,105
en.wikipedia,John_Purdy_(hydrographer),monthly,2020-08-01,all-access,all-agents,93
en.wikipedia,John_Purdy_(hydrographer),monthly,2020-09-01,all-access,all-agents,87
en.wikipedia,John_Purdy_(hydrographer),monthly,2020-10-01,all-access,all-agents,118
en.wikipedia,John_Purdy_(hydrographer),monthly,2020-11-01,all-access,all-agents,152
en.wikipedia,John_Purdy_(hydrographer),monthly,2020-12-01,all-access,all-agents,134
en.wikipedia,John_Purdy_(hydrographer),monthly,2021-01-01,all-access,all-agents,105
en.wikipedia,John_Purdy_(hydrographer),monthly,2021-02-01,all-access,all-agents,114
en.wikipedia,John_Purdy_(hydrographer),monthly,2021-03-01,all-access,all-agents,118
en.wikipedia,John_Purdy_(hydrographer),monthly,2021-04-01,all-access,all-agents,98
en.wikipedia,John_Purdy_(hydrographer),monthly,2021-05-01,all-access,all-agents,114
en.wikipedia,John_Purdy_(hydrographer),monthly,2021-06-01,all-access,all-agents,87
en.wikipedia,John_Purdy_(hydrographer),monthly,2021-07-01,all-access,all-agents,88
en.wikipedia,John_Purdy_(hydrographer),monthly,2021-08-01,all-access,all-agents,92
en.wikipedia,John_Purdy_(hydrographer),monthly,2021-09-01,all-access,all-agents,96
en.wikipedia,John_Purdy_(hydrographer),monthly,2021-10-01,all-access,all-agents,95
en.wikipedia,John_Purdy_(hydrographer),monthly,2021-11-01,all-access,all-agents,94
en.wikipedia,John_Purdy_(hydrographer),monthly,2021-12-01,all-access,all-agents,84
en.wikipedia,John_Purdy_(hydrographer),monthly,2022-01-01,all-access,all-agents,97
en.wikipedia,John_Purdy_(hydrographer),monthly,2022-02-01,all-access,all-agents,250
en.wikipedia,John_Purdy_(hydrographer),monthly,2022-03-01,all-access,all-agents,110
en.wikipedia,John_Purdy_(hydrographer),monthly,2022-04-01,all-access,all-agents,118
en.wikipedia,John_Purdy_(hydrographer),monthly,2022-05-01,all-access,all-agents,135
en.wikipedia,John_Purdy_(hydrographer),monthly,2022-06-01,all-access,all-agents,112
en.wikipedia,John_Purdy_(hydrographer),monthly,2022-07-01,all-access,all-agents,141
en.wikipedia,John_Purdy_(hydrographer),monthly,2022-08-01,all-access,all-agents,136
en.wikipedia,John_Purdy_(hydrographer),monthly,2022-09-01,all-access,all-agents,134
en.wikipedia,John_Purdy_(hydrographer),monthly,2022-10-01,all-access,all-agents,127
en.wikipedia,John_Purdy_(hydrographer),monthly,2022-11-01,all-access,all-agents,127
en.wikipedia,John_Purdy_(hydrographer),monthly,2022-12-01,all-access,all-agents,155
en.wikipedia,Joseph_Ritchie,monthly,2020-01-01,all-access,all-agents,109
en.wikipedia,Joseph_Ritchie,monthly,2020-02-01,all-access,all-agents,111
en.wikipedia,Joseph_Ritchie,monthly,2020-03-01,all-access,all-agents,88
en.wikipedia,Joseph_Ritchie,monthly,2020-04-01,all-access,all-agents,132
en.wikipedia,Joseph_Ritchie,monthly,2020-05-01,all-access,all-agents,122
en.wikipedia,Joseph_Ritchie,monthly,2020-06-01,all-access,all-agents,121
en.wikipedia,Joseph_Ritchie,monthly,2020-07-01,all-access,all-agents,134
en.wikipedia,Joseph_Ritchie,monthly,2020-08-01,all-access,all-agents,115
en.wikipedia,Joseph_Ritchie,monthly,2020-09-01,all-access,all-agents,114
en.wikipedia,Joseph_Ritchie,monthly,2020-10-01,all-access,all-agents,103
en.wikipedia,Joseph_Ritchie,monthly,2020-11-01,all-access,all-agents,117
en.wikipedia,Joseph_Ritchie,monthly,2020-12-01,all-access,all-agents,139
en.wikipedia,Joseph_Ritchie,monthly,2021-01-01,all-access,all-agents,119
en.wikipedia,Joseph_Ritchie,monthly,2021-02-01,all-access,all-agents,262
en.wikipedia,Joseph_Ritchie,monthly,2021-03-01,all-access,all-agents,126
en.wikipedia,Joseph_Ritchie,monthly,2021-04-01,all-access,all-agents,156
en.wikipedia,Joseph_Ritchie,monthly,2021-05-01,all-access,all-agents,149
en.wikipedia,Joseph_Ritchie,monthly,2021-06-01,all-access,all-agents,112
en.wikipedia,Joseph_Ritchie,monthly,2021-07-01,all-access,all-agents,145
en.wikipedia,Joseph_Ritchie,monthly,2021-08-01,all-access,all-agents,154
en.wikipedia,Joseph_Ritchie,monthly,2021-09-01,all-access,all-agents,126
en.wikipedia,Joseph_Ritchie,monthly,2021-10-01,all-access,all-agents,281
en.wikipedia,Joseph_Ritchie,monthly,2021-11-01,all-access,all-agents,118
en.wikipedia,Joseph_Ritchie,monthly,2021-12-01,all-access,all-agents,143
en.wikipedia,Joseph_Ritchie,monthly,2022-01-01,all-access,all-agents,147
en.wikipedia,Joseph_Ritchie,monthly,2022-02-01,all-access,all-agents,152
en.wikipedia,Joseph_Ritchie,monthly,2022-03-01,all-access,all-agents,159
en.wikipedia,Joseph_Ritchie,monthly,2022-04-01,all-access,all-agents,173
en.wikipedia,Joseph_Ritchie,monthly,2022-05-01,all-access,all-agents,132
en.wikipedia,Joseph_Ritchie,monthly,2022-06-01,all-access,all-agents,168
en.wikipedia,Joseph_Ritchie,monthly,2022-07-01,all-access,all-agents,174
en.wikipedia,Joseph_Ritchie,monthly,2022-08-01,all-access,all-agents,165
en.wikipedia,Joseph_Ritchie,monthly,2022-09-01,all-access,all-agents,133
en.wikipedia,Joseph_Ritchie,monthly,2022-10-01,all-access,all-agents,153
en.wikipedia,Joseph_Ritchie,monthly,2022-11-01,all-access,all-agents,147
en.wikipedia,Joseph_Ritchie,monthly,2022-12-01,all-access,all-agents,135
en.wikipedia,John_Martyn_Roberts,monthly,2020-01-01,all-access,all-agents,70
en.wikipedia,John_Martyn_Roberts,monthly,2020-02-01,all-access,all-agents,31
en.wikipedia,John_Martyn_Roberts,monthly,2020-03-01,all-access,all-agents,40
en.wikipedia,John_Martyn_Roberts,monthly,2020-04-01,all-access,all-agents,56
en.wikipedia,John_Martyn_Roberts,monthly,2020-05-01,all-access,all-agents,44
en.wikipedia,John_Martyn_Roberts,monthly,2020-06-01,all-access,all-agents,29
en.wikipedia,John_Martyn_Roberts,monthly,2020-07-01,all-access,all-agents,34
en.wikipedia,John_Martyn_Roberts,monthly,2020-08-01,all-access,all-agents,41
en.wikipedia,John_Martyn_Roberts,monthly,2020-09-01,all-access,all-agents,39
en.wikipedia,John_Martyn_Roberts,monthly,2020-10-01,all-access,all-agents,74
en.wikipedia,John_Martyn_Roberts,monthly,2020-11-01,all-access,all-agents,62
en.wikipedia,John_Martyn_Roberts,monthly,2020-12-01,all-access,all-agents,42
en.wikipedia,John_Martyn_Roberts,monthly,2021-01-01,all-access,all-agents,36
en.wikipedia,John_Martyn_Roberts,monthly,2021-02-01,all-access,all-agents,26
en.wikipedia,John_Martyn_Roberts,monthly,2021-03-01,all-access,all-agents,44
en.wikipedia,John_Martyn_Roberts,monthly,2021-04-01,all-access,all-agents,47
en.wikipedia,John_Martyn_Roberts,monthly,2021-05-01,all-access,all-agents,76
en.wikipedia,John_Martyn_Roberts,monthly,2021-06-01,all-access,all-agents,35
en.wikipedia,John_Martyn_Roberts,monthly,2021-07-01,all-access,all-agents,45
en.wikipedia,John_Martyn_Roberts,monthly,2021-08-01,all-access,all-agents,40
en.wikipedia,John_Martyn_Roberts,monthly,2021-09-01,all-access,all-agents,39
en.wikipedia,John_Martyn_Roberts,monthly,2021-10-01,all-access,all-agents,35
en.wikipedia,John_Martyn_Roberts,monthly,2021-11-01,all-access,all-agents,32
en.wikipedia,John_Martyn_Roberts,monthly,2021-12-01,all-access,all-agents,23
en.wikipedia,John_Martyn_Roberts,monthly,2022-01-01,all-access,all-agents,85
en.wikipedia,John_Martyn_Roberts,monthly,2022-02-01,all-access,all-agents,32
en.wikipedia,John_Martyn_Roberts,monthly,2022-03-01,all-access,all-agents,36
en.wikipedia,John_Martyn_Roberts,monthly,2022-04-01,all-access,all-agents,39
en.wikipedia,John_Martyn_Roberts,monthly,2022-05-01,all-access,all-agents,36
en.wikipedia,John_Martyn_Roberts,monthly,2022-06-01,all-access,all-agents,38
en.wikipedia,John_Martyn_Roberts,monthly,2022-07-01,all-access,all-agents,44
en.wikipedia,John_Martyn_Roberts,monthly,2022-08-01,all-access,all-agents,35
en.wikipedia,John_Martyn_Roberts,monthly,2022-09-01,all-access,all-agents,38
en.wikipedia,John_Martyn_Roberts,monthly,2022-10-01,all-access,all-agents,43
en.wikipedia,John_Martyn_Roberts,monthly,2022-11-01,all-access,all-agents,41
en.wikipedia,John_Martyn_Roberts,monthly,2022-12-01,all-access,all-agents,23
en.wikipedia,Robert_Vane_Russell,monthly,2020-01-01,all-access,all-agents,498
en.wikipedia,Robert_Vane_Russell,monthly,2020-02-01,all-access,all-agents,232
en.wikipedia,Robert_Vane_Russell,monthly,2020-03-01,all-access,all-agents,249
en.wikipedia,Robert_Vane_Russell,monthly,2020-04-01,all-access,all-agents,247
en.wikipedia,Robert_Vane_Russell,monthly,2020-05-01,all-access,all-agents,272
en.wikipedia,Robert_Vane_Russell,monthly,2020-06-01,all-access,all-agents,210
en.wikipedia,Robert_Vane_Russell,monthly,2020-07-01,all-access,all-agents,222
en.wikipedia,Robert_Vane_Russell,monthly,2020-08-01,all-access,all-agents,234
en.wikipedia,Robert_Vane_Russell,monthly,2020-09-01,all-access,all-agents,213
en.wikipedia,Robert_Vane_Russell,monthly,2020-10-01,all-access,all-agents,228
en.wikipedia,Robert_Vane_Russell,monthly,2020-11-01,all-access,all-agents,213
en.wikipedia,Robert_Vane_Russell,monthly,2020-12-01,all-access,all-agents,231
en.wikipedia,Robert_Vane_Russell,monthly,2021-01-01,all-access,all-agents,212
en.wikipedia,Robert_Vane_Russell,monthly,2021-02-01,all-access,all-agents,220
en.wikipedia,Robert_Vane_Russell,monthly,2021-03-01,all-access,all-agents,257
en.wikipedia,Robert_Vane_Russell,monthly,2021-04-01,all-access,all-agents,249
en.wikipedia,Robert_Vane_Russell,monthly,2021-05-01,all-access,all-agents,283
en.wikipedia,Robert_Vane_Russell,monthly,2021-06-01,all-access,all-agents,272
en.wikipedia,Robert_Vane_Russell,monthly,2021-07-01,all-access,all-agents,257
en.wikipedia,Robert_Vane_Russell,monthly,2021-08-01,all-access,all-agents,314
en.wikipedia,Robert_Vane_Russell,monthly,2021-09-01,all-access,all-agents,258
en.wikipedia,Robert_Vane_Russell,monthly,2021-10-01,all-access,all-agents,224
en.wikipedia,Robert_Vane_Russell,monthly,2021-11-01,all-access,all-agents,207
en.wikipedia,Robert_Vane_Russell,monthly,2021-12-01,all-access,all-agents,204
en.wikipedia,Robert_Vane_Russell,monthly,2022-01-01,all-access,all-agents,271
en.wikipedia,Robert_Vane_Russell,monthly,2022-02-01,all-access,all-agents,230
en.wikipedia,Robert_Vane_Russell,monthly,2022-03-01,all-access,all-agents,278
en.wikipedia,Robert_Vane_Russell,monthly,2022-04-01,all-access,all-agents,225
en.wikipedia,Robert_Vane_Russell,monthly,2022-05-01,all-access,all-agents,211
en.wikipedia,Robert_Vane_Russell,monthly,2022-06-01,all-access,all-agents,220
en.wikipedia,Robert_Vane_Russell,monthly,2022-07-01,all-access,all-agents,204
en.wikipedia,Robert_Vane_Russell,monthly,2022-08-01,all-access,all-agents,284
en.wikipedia,Robert_Vane_Russell,monthly,2022-09-01,all-access,all-agents,197
en.wikipedia,Robert_Vane_Russell,monthly,2022-10-01,all-access,all-agents,197
en.wikipedia,Robert_Vane_Russell,monthly,2022-11-01,all-access,all-agents,159
en.wikipedia,Robert_Vane_Russell,monthly,2022-12-01,all-access,all-agents,223
en.wikipedia,William_Spence_(entomologist),monthly,2020-01-01,all-access,all-agents,201
en.wikipedia,William_Spence_(entomologist),monthly,2020-02-01,all-access,all-agents,129
en.wikipedia,William_Spence_(entomologist),monthly,2020-03-01,all-access,all-agents,161
en.wikipedia,William_Spence_(entomologist),monthly,2020-04-01,all-access,all-agents,204
en.wikipedia,William_Spence_(entomologist),monthly,2020-05-01,all-access,all-agents,207
en.wikipedia,William_Spence_(entomologist),monthly,2020-06-01,all-access,all-agents,179
en.wikipedia,William_Spence_(entomologist),monthly,2020-07-01,all-access,all-agents,132
en.wikipedia,William_Spence_(entomologist),monthly,2020-08-01,all-access,all-agents,136
en.wikipedia,William_Spence_(entomologist),monthly,2020-09-01,all-access,all-agents,157
en.wikipedia,William_Spence_(entomologist),monthly,2020-10-01,all-access,all-agents,107
en.wikipedia,William_Spence_(entomologist),monthly,2020-11-01,all-access,all-agents,128
en.wikipedia,William_Spence_(entomologist),monthly,2020-12-01,all-access,all-agents,142
en.wikipedia,William_Spence_(entomologist),monthly,2021-01-01,all-access,all-agents,171
en.wikipedia,William_Spence_(entomologist),monthly,2021-02-01,all-access,all-agents,162
en.wikipedia,William_Spence_(entomologist),monthly,2021-03-01,all-access,all-agents,211
en.wikipedia,William_Spence_(entomologist),monthly,2021-04-01,all-access,all-agents,172
en.wikipedia,William_Spence_(entomologist),monthly,2021-05-01,all-access,all-agents,138
en.wikipedia,William_Spence_(entomologist),monthly,2021-06-01,all-access,all-agents,152
en.wikipedia,William_Spence_(entomologist),monthly,2021-07-01,all-access,all-agents,123
en.wikipedia,William_Spence_(entomologist),monthly,2021-08-01,all-access,all-agents,132
en.wikipedia,William_Spence_(entomologist),monthly,2021-09-01,all-access,all-agents,160
en.wikipedia,William_Spence_(entomologist),monthly,2021-10-01,all-access,all-agents,133
en.wikipedia,William_Spence_(entomologist),monthly,2021-11-01,all-access,all-agents,130
en.wikipedia,William_Spence_(entomologist),monthly,2021-12-01,all-access,all-agents,112
en.wikipedia,William_Spence_(entomologist),monthly,2022-01-01,all-access,all-agents,137
en.wikipedia,William_Spence_(entomologist),monthly,2022-02-01,all-access,all-agents,226
en.wikipedia,William_Spence_(entomologist),monthly,2022-03-01,all-access,all-agents,131
en.wikipedia,William_Spence_(entomologist),monthly,2022-04-01,all-access,all-agents,144
en.wikipedia,William_Spence_(entomologist),monthly,2022-05-01,all-access,all-agents,171
en.wikipedia,William_Spence_(entomologist),monthly,2022-06-01,all-access,all-agents,159
en.wikipedia,William_Spence_(entomologist),monthly,2022-07-01,all-access,all-agents,178
en.wikipedia,William_Spence_(entomologist),monthly,2022-08-01,all-access,all-agents,213
en.wikipedia,William_Spence_(entomologist),monthly,2022-09-01,all-access,all-agents,171
en.wikipedia,William_Spence_(entomologist),monthly,2022-10-01,all-access,all-agents,243
en.wikipedia,William_Spence_(entomologist),monthly,2022-11-01,all-access,all-agents,170
en.wikipedia,William_Spence_(entomologist),monthly,2022-12-01,all-access,all-agents,123
en.wikipedia,"Charles_Stanhope,_3rd_Earl_Stanhope",monthly,2020-01-01,all-access,all-agents,970
en.wikipedia,"Charles_Stanhope,_3rd_Earl_Stanhope",monthly,2020-02-01,all-access,all-agents,916
en.wikipedia,"Charles_Stanhope,_3rd_Earl_Stanhope",monthly,2020-03-01,all-access,all-agents,932
en.wikipedia,"Charles_Stanhope,_3rd_Earl_Stanhope",monthly,2020-04-01,all-access,all-agents,963
en.wikipedia,"Charles_Stanhope,_3rd_Earl_Stanhope",monthly,2020-05-01,all-access,all-agents,1077
en.wikipedia,"Charles_Stanhope,_3rd_Earl_Stanhope",monthly,2020-06-01,all-access,all-agents,864
en.wikipedia,"Charles_Stanhope,_3rd_Earl_Stanhope",monthly,2020-07-01,all-access,all-agents,851
en.wikipedia,"Charles_Stanhope,_3rd_Earl_Stanhope",monthly,2020-08-01,all-access,all-agents,923
en.wikipedia,"Charles_Stanhope,_3rd_Earl_Stanhope",monthly,2020-09-01,all-access,all-agents,770
en.wikipedia,"Charles_Stanhope,_3rd_Earl_Stanhope",monthly,2020-10-01,all-access,all-agents,875
en.wikipedia,"Charles_Stanhope,_3rd_Earl_Stanhope",monthly,2020-11-01,all-access,all-agents,866
en.wikipedia,"Charles_Stanhope,_3rd_Earl_Stanhope",monthly,2020-12-01,all-access,all-agents,870
en.wikipedia,"Charles_Stanhope,_3rd_Earl_Stanhope",monthly,2021-01-01,all-access,all-agents,1022
en.wikipedia,"Charles_Stanhope,_3rd_Earl_Stanhope",monthly,2021-02-01,all-access,all-agents,909
en.wikipedia,"Charles_Stanhope,_3rd_Earl_Stanhope",monthly,2021-03-01,all-access,all-agents,1195
en.wikipedia,"Charles_Stanhope,_3rd_Earl_Stanhope",monthly,2021-04-01,all-access,all-agents,1215
en.wikipedia,"Charles_Stanhope,_3rd_Earl_Stanhope",monthly,2021-05-01,all-access,all-agents,948
en.wikipedia,"Charles_Stanhope,_3rd_Earl_Stanhope",monthly,2021-06-01,all-access,all-agents,868
en.wikipedia,"Charles_Stanhope,_3rd_Earl_Stanhope",monthly,2021-07-01,all-access,all-agents,868
en.wikipedia,"Charles_Stanhope,_3rd_Earl_Stanhope",monthly,2021-08-01,all-access,all-agents,977
en.wikipedia,"Charles_Stanhope,_3rd_Earl_Stanhope",monthly,2021-09-01,all-access,all-agents,829
en.wikipedia,"Charles_Stanhope,_3rd_Earl_Stanhope",monthly,2021-10-01,all-access,all-agents,871
en.wikipedia,"Charles_Stanhope,_3rd_Earl_Stanhope",monthly,2021-11-01,all-access,all-agents,909
en.wikipedia,"Charles_Stanhope,_3rd_Earl_Stanhope",monthly,2021-12-01,all-access,all-agents,805
en.wikipedia,"Charles_Stanhope,_3rd_Earl_Stanhope",monthly,2022-01-01,all-access,all-agents,1097
en.wikipedia,"Charles_Stanhope,_3rd_Earl_Stanhope",monthly,2022-02-01,all-access,all-agents,959
en.wikipedia,"Charles_Stanhope,_3rd_Earl_Stanhope",monthly,2022-03-01,all-access,all-agents,1036
en.wikipedia,"Charles_Stanhope,_3rd_Earl_Stanhope",monthly,2022-04-01,all-access,all-agents,1022
en.wikipedia,"Charles_Stanhope,_3rd_Earl_Stanhope",monthly,2022-05-01,all-access,all-agents,1130
en.wikipedia,"Charles_Stanhope,_3rd_Earl_Stanhope",monthly,2022-06-01,all-access,all-agents,1085
en.wikipedia,"Charles_Stanhope,_3rd_Earl_Stanhope",monthly,2022-07-01,all-access,all-agents,1181
en.wikipedia,"Charles_Stanhope,_3rd_Earl_Stanhope",monthly,2022-08-01,all-access,all-agents,1184
en.wikipedia,"Charles_Stanhope,_3rd_Earl_Stanhope",monthly,2022-09-01,all-access,all-agents,1135
en.wikipedia,"Charles_Stanhope,_3rd_Earl_Stanhope",monthly,2022-10-01,all-access,all-agents,1181
en.wikipedia,"Charles_Stanhope,_3rd_Earl_Stanhope",monthly,2022-11-01,all-access,all-agents,1074
en.wikipedia,"Charles_Stanhope,_3rd_Earl_Stanhope",monthly,2022-12-01,all-access,all-agents,1016
en.wikipedia,James_Thomson_(engineer),monthly,2020-01-01,all-access,all-agents,993
en.wikipedia,James_Thomson_(engineer),monthly,2020-02-01,all-access,all-agents,1061
en.wikipedia,James_Thomson_(engineer),monthly,2020-03-01,all-access,all-agents,1007
en.wikipedia,James_Thomson_(engineer),monthly,2020-04-01,all-access,all-agents,1070
en.wikipedia,James_Thomson_(engineer),monthly,2020-05-01,all-access,all-agents,886
en.wikipedia,James_Thomson_(engineer),monthly,2020-06-01,all-access,all-agents,698
en.wikipedia,James_Thomson_(engineer),monthly,2020-07-01,all-access,all-agents,800
en.wikipedia,James_Thomson_(engineer),monthly,2020-08-01,all-access,all-agents,782
en.wikipedia,James_Thomson_(engineer),monthly,2020-09-01,all-access,all-agents,746
en.wikipedia,James_Thomson_(engineer),monthly,2020-10-01,all-access,all-agents,798
en.wikipedia,James_Thomson_(engineer),monthly,2020-11-01,all-access,all-agents,804
en.wikipedia,James_Thomson_(engineer),monthly,2020-12-01,all-access,all-agents,747
en.wikipedia,James_Thomson_(engineer),monthly,2021-01-01,all-access,all-agents,879
en.wikipedia,James_Thomson_(engineer),monthly,2021-02-01,all-access,all-agents,823
en.wikipedia,James_Thomson_(engineer),monthly,2021-03-01,all-access,all-agents,911
en.wikipedia,James_Thomson_(engineer),monthly,2021-04-01,all-access,all-agents,796
en.wikipedia,James_Thomson_(engineer),monthly,2021-05-01,all-access,all-agents,837
en.wikipedia,James_Thomson_(engineer),monthly,2021-06-01,all-access,all-agents,752
en.wikipedia,James_Thomson_(engineer),monthly,2021-07-01,all-access,all-agents,735
en.wikipedia,James_Thomson_(engineer),monthly,2021-08-01,all-access,all-agents,722
en.wikipedia,James_Thomson_(engineer),monthly,2021-09-01,all-access,all-agents,770
en.wikipedia,James_Thomson_(engineer),monthly,2021-10-01,all-access,all-agents,697
en.wikipedia,James_Thomson_(engineer),monthly,2021-11-01,all-access,all-agents,773
en.wikipedia,James_Thomson_(engineer),monthly,2021-12-01,all-access,all-agents,918
en.wikipedia,James_Thomson_(engineer),monthly,2022-01-01,all-access,all-agents,833
en.wikipedia,James_Thomson_(engineer),monthly,2022-02-01,all-access,all-agents,768
en.wikipedia,James_Thomson_(engineer),monthly,2022-03-01,all-access,all-agents,777
en.wikipedia,James_Thomson_(engineer),monthly,2022-04-01,all-access,all-agents,778
en.wikipedia,James_Thomson_(engineer),monthly,2022-05-01,all-access,all-agents,779
en.wikipedia,James_Thomson_(engineer),monthly,2022-06-01,all-access,all-agents,832
en.wikipedia,James_Thomson_(engineer),monthly,2022-07-01,all-access,all-agents,727
en.wikipedia,James_Thomson_(engineer),monthly,2022-08-01,all-access,all-agents,752
en.wikipedia,James_Thomson_(engineer),monthly,2022-09-01,all-access,all-agents,791
en.wikipedia,James_Thomson_(engineer),monthly,2022-10-01,all-access,all-agents,875
en.wikipedia,James_Thomson_(engineer),monthly,2022-11-01,all-access,all-agents,885
en.wikipedia,James_Thomson_(engineer),monthly,2022-12-01,all-access,all-agents,877
en.wikipedia,Tweedy_John_Todd,monthly,2020-01-01,all-access,all-agents,44
en.wikipedia,Tweedy_John_Todd,monthly,2020-02-01,all-access,all-agents,61
en.wikipedia,Tweedy_John_Todd,monthly,2020-03-01,all-access,all-agents,57
en.wikipedia,Tweedy_John_Todd,monthly,2020-04-01,all-access,all-agents,75
en.wikipedia,Tweedy_John_Todd,monthly,2020-05-01,all-access,all-agents,81
en.wikipedia,Tweedy_John_Todd,monthly,2020-06-01,all-access,all-agents,70
en.wikipedia,Tweedy_John_Todd,monthly,2020-07-01,all-access,all-agents,86
en.wikipedia,Tweedy_John_Todd,monthly,2020-08-01,all-access,all-agents,50
en.wikipedia,Tweedy_John_Todd,monthly,2020-09-01,all-access,all-agents,53
en.wikipedia,Tweedy_John_Todd,monthly,2020-10-01,all-access,all-agents,65
en.wikipedia,Tweedy_John_Todd,monthly,2020-11-01,all-access,all-agents,54
en.wikipedia,Tweedy_John_Todd,monthly,2020-12-01,all-access,all-agents,109
en.wikipedia,Tweedy_John_Todd,monthly,2021-01-01,all-access,all-agents,94
en.wikipedia,Tweedy_John_Todd,monthly,2021-02-01,all-access,all-agents,189
en.wikipedia,Tweedy_John_Todd,monthly,2021-03-01,all-access,all-agents,73
en.wikipedia,Tweedy_John_Todd,monthly,2021-04-01,all-access,all-agents,80
en.wikipedia,Tweedy_John_Todd,monthly,2021-05-01,all-access,all-agents,90
en.wikipedia,Tweedy_John_Todd,monthly,2021-06-01,all-access,all-agents,101
en.wikipedia,Tweedy_John_Todd,monthly,2021-07-01,all-access,all-agents,101
en.wikipedia,Tweedy_John_Todd,monthly,2021-08-01,all-access,all-agents,83
en.wikipedia,Tweedy_John_Todd,monthly,2021-09-01,all-access,all-agents,88
en.wikipedia,Tweedy_John_Todd,monthly,2021-10-01,all-access,all-agents,81
en.wikipedia,Tweedy_John_Todd,monthly,2021-11-01,all-access,all-agents,66
en.wikipedia,Tweedy_John_Todd,monthly,2021-12-01,all-access,all-agents,51
en.wikipedia,Tweedy_John_Todd,monthly,2022-01-01,all-access,all-agents,71
en.wikipedia,Tweedy_John_Todd,monthly,2022-02-01,all-access,all-agents,97
en.wikipedia,Tweedy_John_Todd,monthly,2022-03-01,all-access,all-agents,65
en.wikipedia,Tweedy_John_Todd,monthly,2022-04-01,all-access,all-agents,61
en.wikipedia,Tweedy_John_Todd,monthly,2022-05-01,all-access,all-agents,189
en.wikipedia,Tweedy_John_Todd,monthly,2022-06-01,all-access,all-agents,106
en.wikipedia,Tweedy_John_Todd,monthly,2022-07-01,all-access,all-agents,84
en.wikipedia,Tweedy_John_Todd,monthly,2022-08-01,all-access,all-agents,96
en.wikipedia,Tweedy_John_Todd,monthly,2022-09-01,all-access,all-agents,77
en.wikipedia,Tweedy_John_Todd,monthly,2022-10-01,all-access,all-agents,89
en.wikipedia,Tweedy_John_Todd,monthly,2022-11-01,all-access,all-agents,71
en.wikipedia,Tweedy_John_Todd,monthly,2022-12-01,all-access,all-agents,71
en.wikipedia,Walter_Calverley_Trevelyan,monthly,2020-01-01,all-access,all-agents,161
en.wikipedia,Walter_Calverley_Trevelyan,monthly,2020-02-01,all-access,all-agents,145
en.wikipedia,Walter_Calverley_Trevelyan,monthly,2020-03-01,all-access,all-agents,135
en.wikipedia,Walter_Calverley_Trevelyan,monthly,2020-04-01,all-access,all-agents,181
en.wikipedia,Walter_Calverley_Trevelyan,monthly,2020-05-01,all-access,all-agents,161
en.wikipedia,Walter_Calverley_Trevelyan,monthly,2020-06-01,all-access,all-agents,163
en.wikipedia,Walter_Calverley_Trevelyan,monthly,2020-07-01,all-access,all-agents,195
en.wikipedia,Walter_Calverley_Trevelyan,monthly,2020-08-01,all-access,all-agents,150
en.wikipedia,Walter_Calverley_Trevelyan,monthly,2020-09-01,all-access,all-agents,110
en.wikipedia,Walter_Calverley_Trevelyan,monthly,2020-10-01,all-access,all-agents,136
en.wikipedia,Walter_Calverley_Trevelyan,monthly,2020-11-01,all-access,all-agents,158
en.wikipedia,Walter_Calverley_Trevelyan,monthly,2020-12-01,all-access,all-agents,140
en.wikipedia,Walter_Calverley_Trevelyan,monthly,2021-01-01,all-access,all-agents,212
en.wikipedia,Walter_Calverley_Trevelyan,monthly,2021-02-01,all-access,all-agents,157
en.wikipedia,Walter_Calverley_Trevelyan,monthly,2021-03-01,all-access,all-agents,186
en.wikipedia,Walter_Calverley_Trevelyan,monthly,2021-04-01,all-access,all-agents,137
en.wikipedia,Walter_Calverley_Trevelyan,monthly,2021-05-01,all-access,all-agents,191
en.wikipedia,Walter_Calverley_Trevelyan,monthly,2021-06-01,all-access,all-agents,140
en.wikipedia,Walter_Calverley_Trevelyan,monthly,2021-07-01,all-access,all-agents,154
en.wikipedia,Walter_Calverley_Trevelyan,monthly,2021-08-01,all-access,all-agents,176
en.wikipedia,Walter_Calverley_Trevelyan,monthly,2021-09-01,all-access,all-agents,184
en.wikipedia,Walter_Calverley_Trevelyan,monthly,2021-10-01,all-access,all-agents,175
en.wikipedia,Walter_Calverley_Trevelyan,monthly,2021-11-01,all-access,all-agents,142
en.wikipedia,Walter_Calverley_Trevelyan,monthly,2021-12-01,all-access,all-agents,115
en.wikipedia,Walter_Calverley_Trevelyan,monthly,2022-01-01,all-access,all-agents,164
en.wikipedia,Walter_Calverley_Trevelyan,monthly,2022-02-01,all-access,all-agents,142
en.wikipedia,Walter_Calverley_Trevelyan,monthly,2022-03-01,all-access,all-agents,143
en.wikipedia,Walter_Calverley_Trevelyan,monthly,2022-04-01,all-access,all-agents,133
en.wikipedia,Walter_Calverley_Trevelyan,monthly,2022-05-01,all-access,all-agents,259
en.wikipedia,Walter_Calverley_Trevelyan,monthly,2022-06-01,all-access,all-agents,182
en.wikipedia,Walter_Calverley_Trevelyan,monthly,2022-07-01,all-access,all-agents,173
en.wikipedia,Walter_Calverley_Trevelyan,monthly,2022-08-01,all-access,all-agents,194
en.wikipedia,Walter_Calverley_Trevelyan,monthly,2022-09-01,all-access,all-agents,167
en.wikipedia,Walter_Calverley_Trevelyan,monthly,2022-10-01,all-access,all-agents,144
en.wikipedia,Walter_Calverley_Trevelyan,monthly,2022-11-01,all-access,all-agents,574
en.wikipedia,Walter_Calverley_Trevelyan,monthly,2022-12-01,all-access,all-agents,121
en.wikipedia,Alfred_Russel_Wallace,monthly,2020-01-01,all-access,all-agents,23800
en.wikipedia,Alfred_Russel_Wallace,monthly,2020-02-01,all-access,all-agents,21385
en.wikipedia,Alfred_Russel_Wallace,monthly,2020-03-01,all-access,all-agents,21349
en.wikipedia,Alfred_Russel_Wallace,monthly,2020-04-01,all-access,all-agents,23652
en.wikipedia,Alfred_Russel_Wallace,monthly,2020-05-01,all-access,all-agents,20763
en.wikipedia,Alfred_Russel_Wallace,monthly,2020-06-01,all-access,all-agents,21045
en.wikipedia,Alfred_Russel_Wallace,monthly,2020-07-01,all-access,all-agents,15657
en.wikipedia,Alfred_Russel_Wallace,monthly,2020-08-01,all-access,all-agents,15727
en.wikipedia,Alfred_Russel_Wallace,monthly,2020-09-01,all-access,all-agents,19571
en.wikipedia,Alfred_Russel_Wallace,monthly,2020-10-01,all-access,all-agents,22813
en.wikipedia,Alfred_Russel_Wallace,monthly,2020-11-01,all-access,all-agents,19160
en.wikipedia,Alfred_Russel_Wallace,monthly,2020-12-01,all-access,all-agents,17414
en.wikipedia,Alfred_Russel_Wallace,monthly,2021-01-01,all-access,all-agents,21591
en.wikipedia,Alfred_Russel_Wallace,monthly,2021-02-01,all-access,all-agents,21778
en.wikipedia,Alfred_Russel_Wallace,monthly,2021-03-01,all-access,all-agents,20938
en.wikipedia,Alfred_Russel_Wallace,monthly,2021-04-01,all-access,all-agents,18879
en.wikipedia,Alfred_Russel_Wallace,monthly,2021-05-01,all-access,all-agents,19996
en.wikipedia,Alfred_Russel_Wallace,monthly,2021-06-01,all-access,all-agents,20563
en.wikipedia,Alfred_Russel_Wallace,monthly,2021-07-01,all-access,all-agents,15357
en.wikipedia,Alfred_Russel_Wallace,monthly,2021-08-01,all-access,all-agents,15987
en.wikipedia,Alfred_Russel_Wallace,monthly,2021-09-01,all-access,all-agents,18137
en.wikipedia,Alfred_Russel_Wallace,monthly,2021-10-01,all-access,all-agents,26865
en.wikipedia,Alfred_Russel_Wallace,monthly,2021-11-01,all-access,all-agents,19205
en.wikipedia,Alfred_Russel_Wallace,monthly,2021-12-01,all-access,all-agents,14411
en.wikipedia,Alfred_Russel_Wallace,monthly,2022-01-01,all-access,all-agents,19595
en.wikipedia,Alfred_Russel_Wallace,monthly,2022-02-01,all-access,all-agents,20219
en.wikipedia,Alfred_Russel_Wallace,monthly,2022-03-01,all-access,all-agents,20397
en.wikipedia,Alfred_Russel_Wallace,monthly,2022-04-01,all-access,all-agents,17995
en.wikipedia,Alfred_Russel_Wallace,monthly,2022-05-01,all-access,all-agents,17969
en.wikipedia,Alfred_Russel_Wallace,monthly,2022-06-01,all-access,all-agents,14655
en.wikipedia,Alfred_Russel_Wallace,monthly,2022-07-01,all-access,all-agents,16365
en.wikipedia,Alfred_Russel_Wallace,monthly,2022-08-01,all-access,all-agents,15670
en.wikipedia,Alfred_Russel_Wallace,monthly,2022-09-01,all-access,all-agents,20272
en.wikipedia,Alfred_Russel_Wallace,monthly,2022-10-01,all-access,all-agents,37367
en.wikipedia,Alfred_Russel_Wallace,monthly,2022-11-01,all-access,all-agents,23020
en.wikipedia,Alfred_Russel_Wallace,monthly,2022-12-01,all-access,all-agents,18781
en.wikipedia,Beatrice_Webb,monthly,2020-01-01,all-access,all-agents,5892
en.wikipedia,Beatrice_Webb,monthly,2020-02-01,all-access,all-agents,4803
en.wikipedia,Beatrice_Webb,monthly,2020-03-01,all-access,all-agents,4794
en.wikipedia,Beatrice_Webb,monthly,2020-04-01,all-access,all-agents,6498
en.wikipedia,Beatrice_Webb,monthly,2020-05-01,all-access,all-agents,5174
en.wikipedia,Beatrice_Webb,monthly,2020-06-01,all-access,all-agents,4782
en.wikipedia,Beatrice_Webb,monthly,2020-07-01,all-access,all-agents,5103
en.wikipedia,Beatrice_Webb,monthly,2020-08-01,all-access,all-agents,4459
en.wikipedia,Beatrice_Webb,monthly,2020-09-01,all-access,all-agents,5459
en.wikipedia,Beatrice_Webb,monthly,2020-10-01,all-access,all-agents,5236
en.wikipedia,Beatrice_Webb,monthly,2020-11-01,all-access,all-agents,5095
en.wikipedia,Beatrice_Webb,monthly,2020-12-01,all-access,all-agents,4926
en.wikipedia,Beatrice_Webb,monthly,2021-01-01,all-access,all-agents,5719
en.wikipedia,Beatrice_Webb,monthly,2021-02-01,all-access,all-agents,5101
en.wikipedia,Beatrice_Webb,monthly,2021-03-01,all-access,all-agents,5628
en.wikipedia,Beatrice_Webb,monthly,2021-04-01,all-access,all-agents,5119
en.wikipedia,Beatrice_Webb,monthly,2021-05-01,all-access,all-agents,5499
en.wikipedia,Beatrice_Webb,monthly,2021-06-01,all-access,all-agents,5093
en.wikipedia,Beatrice_Webb,monthly,2021-07-01,all-access,all-agents,4774
en.wikipedia,Beatrice_Webb,monthly,2021-08-01,all-access,all-agents,4803
en.wikipedia,Beatrice_Webb,monthly,2021-09-01,all-access,all-agents,5270
en.wikipedia,Beatrice_Webb,monthly,2021-10-01,all-access,all-agents,4951
en.wikipedia,Beatrice_Webb,monthly,2021-11-01,all-access,all-agents,4718
en.wikipedia,Beatrice_Webb,monthly,2021-12-01,all-access,all-agents,4830
en.wikipedia,Beatrice_Webb,monthly,2022-01-01,all-access,all-agents,5632
en.wikipedia,Beatrice_Webb,monthly,2022-02-01,all-access,all-agents,4947
en.wikipedia,Beatrice_Webb,monthly,2022-03-01,all-access,all-agents,5486
en.wikipedia,Beatrice_Webb,monthly,2022-04-01,all-access,all-agents,5124
en.wikipedia,Beatrice_Webb,monthly,2022-05-01,all-access,all-agents,5306
en.wikipedia,Beatrice_Webb,monthly,2022-06-01,all-access,all-agents,4888
en.wikipedia,Beatrice_Webb,monthly,2022-07-01,all-access,all-agents,4521
en.wikipedia,Beatrice_Webb,monthly,2022-08-01,all-access,all-agents,5170
en.wikipedia,Beatrice_Webb,monthly,2022-09-01,all-access,all-agents,5531
en.wikipedia,Beatrice_Webb,monthly,2022-10-01,all-access,all-agents,5388
en.wikipedia,Beatrice_Webb,monthly,2022-11-01,all-access,all-agents,5917
en.wikipedia,Beatrice_Webb,monthly,2022-12-01,all-access,all-agents,4160
